title,price,location,surface,rooms,baths,link,city,surface_m2,price_per_m2,segment
Appartement à vendre pas de semsar,600000.0,"Appartements dans Mohammedia, Nassim",70 m²,2 chambres,1 sdb,https://www.avito.ma/fr/nassim/appartements/Appartement_%C3%A0_vendre_pas_de_semsar_57773761.htm,Mohammedia,70.0,8571.43,Moyen
Appartement économique à vendre,190000.0,"Appartements dans Salé, Toute la ville",55 m²,2 chambres,1 sdb,https://www.avito.ma/fr/sal%C3%A9/appartements/Appartement_%C3%A9conomique_%C3%A0_vendre_54265071.htm,Salé,55.0,3454.55,Economique
Appartement à vendre à Cabo Negro,1400000.0,"Appartements dans Cabo Negro, Toute la ville",75 m²,1 chambre,1 sdb,https://www.avito.ma/fr/cabo_negro/appartements/Appartement_%C3%A0_vendre_%C3%A0_Cabo_Negro_57745510.htm,Cabo negro,75.0,18666.67,Moyen
À vendre Superbe appartement 3 ch-Jnane Californie,1900000.0,"Appartements dans Casablanca, Californie",119 m²,3 chambres,2 sdbs,https://www.avito.ma/fr/californie/appartements/%C3%80_vendre_Superbe_appartement_3_ch_Jnane_Californie_57815555.htm,Casablanca,119.0,15966.39,Moyen
Appartement à vendre 114 m² à Casablanca,1350000.0,"Appartements dans Casablanca, 2 Mars",114 m²,2 chambres,2 sdbs,https://www.avito.ma/fr/2_mars/appartements/Appartement_%C3%A0_vendre_114_m%C2%B2_%C3%A0_Casablanca_57278196.htm,Casablanca,114.0,11842.11,Moyen
appartement vue piscine 2 chambres à CASABAY,1250000.0,"Appartements dans Sidi Rahal, Toute la ville",87 m²,2 chambres,2 sdbs,https://www.avito.ma/fr/sidi_rahal/appartements/appartement_vue_piscine_2_chambres_%C3%A0_CASABAY_57759302.htm,Sidi rahal,87.0,14367.82,Moyen
CMN-HA-1920 - Appartement à vendre à Oulfa,1092000.0,"Appartements dans Casablanca, Oulfa",78 m²,2 chambres,2 sdbs,https://www.avito.ma/fr/oulfa/appartements/CMN_HA_1920___Appartement_%C3%A0_vendre_%C3%A0_Oulfa_57324742.htm,Casablanca,78.0,14000.0,Moyen
Appartement Haut Standing de 95 m² à Tanja Balia,1425000.0,"Appartements dans Tanger, Tanja Balia",appartement haut standing de 95 m² à tanja balia,3 chambres,2 sdbs,https://www.avito.ma/fr/tanja_balia/appartements/Appartement_Haut_Standing_de_95_m%C2%B2_%C3%A0_Tanja_Balia_56603553.htm,Tanger,95.0,15000.0,Moyen
Appartement Valencia Beach Mansouria,840000.0,"Appartements dans Mohammedia, Corniche",89 m²,2 chambres,1 sdb,https://www.avito.ma/fr/corniche/appartements/Appartement_Valencia_Beach_Mansouria_57224794.htm,Mohammedia,89.0,9438.2,Moyen
Superbe appartement de 90 m² entièrement rénové,1260000.0,"Appartements dans Casablanca, Nassim",90 m²,2 chambres,1 sdb,https://www.avito.ma/fr/nassim/appartements/Superbe_appartement_de_90_m%C2%B2_enti%C3%A8rement_r%C3%A9nov%C3%A9_57645554.htm,Casablanca,90.0,14000.0,Moyen
"Appartement 140 m² à Sidi Bouzid, bien rénové",480000.0,"Appartements dans El Jadida, Autre secteur",140 m²,2 chambres,2 sdbs,https://www.avito.ma/fr/autre_secteur/appartements/Appartement_140_m%C2%B2_%C3%A0_Sidi_Bouzid__bien_r%C3%A9nov%C3%A9_55546850.htm,El jadida,140.0,3428.57,Economique
Magnifique Studio de 50 m² au cœur de Guéliz,1350000.0,"Appartements dans Marrakech, Guéliz",50 m²,1 chambre,1 sdb,https://www.avito.ma/fr/gu%C3%A9liz/appartements/Magnifique_Studio_de_50_m%C2%B2_au_c_ur_de_Gu%C3%A9liz_57634615.htm,Marrakech,50.0,27000.0,Moyen
appartement bourgogne,1600000.0,"Appartements dans Casablanca, Bourgogne",127 m²,2 chambres,2 sdbs,https://www.avito.ma/fr/bourgogne/appartements/appartement_bourgogne_57848649.htm,Casablanca,127.0,12598.43,Moyen
Appartement Diar El Andalous,460000.0,"Appartements dans Bouskoura, Bouskoura centre",67 m²,2 chambres,1 sdb,https://www.avito.ma/fr/bouskoura_centre/appartements/Appartement_Diar_El_Andalous_57848652.htm,Bouskoura,67.0,6865.67,Economique
Appart 78m A Mazola Proche CFC,1050000.0,"Appartements dans Casablanca, Oulfa",78 m²,2 chambres,2 sdbs,https://www.avito.ma/fr/oulfa/appartements/Appart_78m_A_Mazola_Proche_CFC_57742070.htm,Casablanca,78.0,13461.54,Moyen
Appartement de standing à vendre à Marrakech,1500000.0,"Appartements dans Marrakech, Semlalia",89 m²,2 chambres,2 sdbs,https://www.avito.ma/fr/semlalia/appartements/Appartement_de_standing_%C3%A0_vendre_%C3%A0_Marrakech_57813976.htm,Marrakech,89.0,16853.93,Moyen
Appartement à vendre de 234 m² au centre ville,3200000.0,"Appartements dans Tanger, Centre ville",appartement à vendre de 234 m² au centre ville,3 chambres,2 sdbs,https://www.avito.ma/fr/centre_ville/appartements/Appartement_%C3%A0_vendre_de_234_m%C2%B2_au_centre_ville__55228019.htm,Tanger,234.0,13675.21,Luxe
175015-Vente Appt à Bouskoura Bouskoura de 80 m²,900000.0,Appartements dans Bouskoura,80 m²,2 chambres,2 sdbs,https://www.avito.ma/fr/bouskoura/appartements/175015_Vente_Appt_%C3%A0_Bouskoura_Bouskoura_de_80_m%C2%B2_57651971.htm,Bouskoura,80.0,11250.0,Moyen
CMN-MA-1139 - Appartement à vendre à Val Fleurie,1800000.0,"Appartements dans Casablanca, Val Fleuri",129 m²,2 chambres,2 sdbs,https://www.avito.ma/fr/val_fleuri/appartements/CMN_MA_1139___Appartement_%C3%A0_vendre_%C3%A0_Val_Fleurie_57319442.htm,Casablanca,129.0,13953.49,Moyen
"Appartement 151 m² à vendre – Drissia, Tanger",1950000.0,"Appartements dans Tanger, Drissia","appartement 151 m² à vendre – drissia, tanger",3 chambres,2 sdbs,https://www.avito.ma/fr/drissia/appartements/Appartement_151_m%C2%B2_%C3%A0_vendre___Drissia__Tanger_56956227.htm,Tanger,151.0,12913.91,Moyen
Spacieux Appartement à vendre de 144 m² à Tanger,2016000.0,"Appartements dans Tanger, Tanja Balia",spacieux appartement à vendre de 144 m² à tanger,3 chambres,2 sdbs,https://www.avito.ma/fr/tanja_balia/appartements/Spacieux_Appartement_%C3%A0_vendre_de_144_m%C2%B2_%C3%A0_Tanger_55775660.htm,Tanger,144.0,14000.0,Luxe
Appartement à vendre de 71 m² Haut Standing,1050800.0,"Appartements dans Tanger, Tanja Balia",appartement à vendre de 71 m² haut standing,2 chambres,1 sdb,https://www.avito.ma/fr/tanja_balia/appartements/Appartement_%C3%A0_vendre_de_71_m%C2%B2_Haut_Standing_56603707.htm,Tanger,71.0,14800.0,Moyen
Vente Appartement à proximité de la gare routière,380000.0,"Appartements dans Tanger, Autre secteur",50 m²,2 chambres,1 sdb,https://www.avito.ma/fr/autre_secteur/appartements/Vente_Appartement_%C3%A0_proximit%C3%A9_de_la_gare_routi%C3%A8re_53297845.htm,Tanger,50.0,7600.0,Economique
Appartements Neufs de Luxe à Vendre à Tanger,3480000.0,"Appartements dans Tanger, Centre ville",,3 chambres,2 sdbs,https://www.avito.ma/fr/centre_ville/appartements/Appartements_Neufs_de_Luxe_%C3%A0_Vendre_%C3%A0_Tanger_57344924.htm,Tanger,99.5,34974.87,Luxe
Appartement à vendre de 118 m² à Ain El Hayani,850000.0,"Appartements dans Tanger, Ain El Hayani",appartement à vendre de 118 m² à ain el hayani,3 chambres,1 sdb,https://www.avito.ma/fr/ain_el_hayani/appartements/Appartement_%C3%A0_vendre_de_118_m%C2%B2_%C3%A0_Ain_El_Hayani_55311987.htm,Tanger,118.0,7203.39,Moyen
Appartement à vendre 50 m² à Tanger,380000.0,"Appartements dans Tanger, Mghogha",50 m²,2 chambres,1 sdb,https://www.avito.ma/fr/mghogha/appartements/Appartement_%C3%A0_vendre_50_m%C2%B2_%C3%A0_Tanger_53451108.htm,Tanger,50.0,7600.0,Economique
Opportunité à Ahlane-Appartement spacieux à vendre,1200000.0,"Appartements dans Tanger, Ahlane",,2 chambres,2 sdbs,https://www.avito.ma/fr/ahlane/appartements/Opportunit%C3%A9_%C3%A0_Ahlane_Appartement_spacieux_%C3%A0_vendre_57557228.htm,Tanger,99.5,12060.3,Moyen
Appartement 80 m2 Avec piscine a Gueliz,1280000.0,"Appartements dans Marrakech, Guéliz",,2 chambres,2 sdbs,https://www.avito.ma/fr/gu%C3%A9liz/appartements/Appartement_80_m2_Avec_piscine_a_Gueliz_50161203.htm,Marrakech,73.0,17534.25,Moyen
Appartement à vendre 75 m² à Marrakech,720000.0,"Appartements dans Marrakech, Autre secteur",75 m²,2 chambres,1 sdb,https://www.avito.ma/fr/autre_secteur/appartements/Appartement_%C3%A0_vendre_75_m%C2%B2_%C3%A0_Marrakech_55643174.htm,Marrakech,75.0,9600.0,Moyen
Appartement 84m² à vendre (fiha da3m) à Deroua,520000.0,"Appartements dans Deroua, Toute la ville",appartement 84m² à vendre (fiha da3m) à deroua,2 chambres,1 sdb,https://www.avito.ma/fr/deroua/appartements/Appartement_84m%C2%B2_%C3%A0_vendre__fiha_da3m__%C3%A0_Deroua_55850707.htm,Deroua,84.0,6190.48,Economique
Appartement 47 m2 av Allal El Fassi,600000.0,"Appartements dans Marrakech, Allal El Fassi",47 m²,2 chambres,1 sdb,https://www.avito.ma/fr/allal_el_fassi/appartements/Appartement_47_m2_av_Allal_El_Fassi_49187447.htm,Marrakech,47.0,12765.96,Moyen
Magnifique appartement neuf avec terrasse,1550000.0,"Appartements dans Casablanca, Derb Ghallef",,2 chambres,2 sdbs,https://www.avito.ma/fr/derb_ghallef/appartements/Magnifique_appartement_neuf_avec_terrasse_57815066.htm,Casablanca,99.5,15577.89,Moyen
Appartement 100 m² Les Collines Sidi Maarouf,1180000.0,"Appartements dans Casablanca, Sidi Maarouf",100 m²,3 chambres,2 sdbs,https://www.avito.ma/fr/sidi_maarouf/appartements/Appartement_100_m%C2%B2_Les_Collines_Sidi_Maarouf_57755840.htm,Casablanca,100.0,11800.0,Moyen
Appartement à Atlas golf Resort à Marrakech,2100000.0,"Appartements dans Marrakech, Annakhil",140 m²,2 chambres,2 sdbs,https://www.avito.ma/fr/annakhil/appartements/Appartement_%C3%A0_Atlas_golf_Resort_%C3%A0_Marrakech_57615030.htm,Marrakech,140.0,15000.0,Luxe
À vendre un bel appartement,950000.0,"Appartements dans Casablanca, Belvédère",105 m²,2 chambres,2 sdbs,https://www.avito.ma/fr/belv%C3%A9d%C3%A8re/appartements/%C3%80_vendre_un_bel_appartement_56460277.htm,Casablanca,105.0,9047.62,Moyen
Appartement en Résidence avec Piscine Semlalia,1700000.0,"Appartements dans Marrakech, Guéliz",,2 chambres,1 sdb,https://www.avito.ma/fr/gu%C3%A9liz/appartements/Appartement_en_R%C3%A9sidence_avec_Piscine_Semlalia_57766011.htm,Marrakech,73.0,23287.67,Moyen
Nouveaux appartement à vendre de 50 m² à Tanger,380000.0,"Appartements dans Tanger, Aouama Gharbia",50 m²,2 chambres,1 sdb,https://www.avito.ma/fr/aouama_gharbia/appartements/Nouveaux_appartement_%C3%A0_vendre_de_50_m%C2%B2_%C3%A0_Tanger_53330018.htm,Tanger,50.0,7600.0,Economique
Appartement 2ème étage Azzouzziya Bab Asfi,340000.0,"Appartements dans Marrakech, Azzouzia",54 m²,2 chambres,1 sdb,https://www.avito.ma/fr/azzouzia/appartements/Appartement_2%C3%A8me_%C3%A9tage_Azzouzziya_Bab_Asfi_57193652.htm,Marrakech,54.0,6296.3,Economique
Appartement à Assilah,450000.0,"Appartements dans Asilah, Toute la ville",,2 chambres,2 sdbs,https://www.avito.ma/fr/asilah/appartements/Appartement_%C3%A0_Assilah_51739569.htm,Asilah,150.0,3000.0,Economique
Bel Appartement à vendre 80 m² à Oujda 700000,700000.0,"Appartements dans Oujda, Autre secteur",80 m²,2 chambres,1 sdb,https://www.avito.ma/fr/autre_secteur/appartements/Bel_Appartement_%C3%A0_vendre_80_m%C2%B2_%C3%A0_Oujda_700000_56652814.htm,Oujda,80.0,8750.0,Moyen
Appartement à vendre de 88m² à Mesnana Tanger,850000.0,"Appartements dans Tanger, Mesnana",appartement à vendre de 88m² à mesnana tanger,2 chambres,2 sdbs,https://www.avito.ma/fr/mesnana/appartements/Appartement_%C3%A0_vendre_de_88m%C2%B2_%C3%A0_Mesnana_Tanger_56284282.htm,Tanger,88.0,9659.09,Moyen
Appartement 3 chambres à vendre,1090000.0,"Appartements dans Kénitra, Mimosas",120 m²,3 chambres,2 sdbs,https://www.avito.ma/fr/mimosas/appartements/Appartement_3_chambres_%C3%A0_vendre_57667536.htm,Kénitra,120.0,9083.33,Moyen
28. Confort et Qualité Ain Sebaa,950000.0,"Appartements dans Casablanca, Ain Sebaa",78 m²,2 chambres,2 sdbs,https://www.avito.ma/fr/ain_sebaa/appartements/28__Confort_et_Qualit%C3%A9_Ain_Sebaa_57120970.htm,Casablanca,78.0,12179.49,Moyen
STUDIO 67 M² RÉNOVÉ À BOURGOGNE OUEST,1100000.0,"Appartements dans Casablanca, Bourgogne",67 m²,1 chambre,1 sdb,https://www.avito.ma/fr/bourgogne/appartements/STUDIO_67_M%C2%B2_R%C3%89NOV%C3%89_%C3%80_BOURGOGNE_OUEST_57626024.htm,Casablanca,67.0,16417.91,Moyen
Appartement à vendre 111 m² à Marrakech,2600000.0,"Appartements dans Marrakech, Guéliz",appartement à vendre 111 m² à marrakech,2 chambres,2 sdbs,https://www.avito.ma/fr/gu%C3%A9liz/appartements/Appartement_%C3%A0_vendre_111_m%C2%B2_%C3%A0_Marrakech_57757647.htm,Marrakech,111.0,23423.42,Luxe
Appartement à vendre 60 m² 1balcon,470000.0,"Appartements dans Marrakech, Autre secteur",60 m²,2 chambres,1 sdb,https://www.avito.ma/fr/autre_secteur/appartements/Appartement_%C3%A0_vendre_60_m%C2%B2_1balcon_56240441.htm,Marrakech,60.0,7833.33,Economique
Appartement neuf 70m,560000.0,"Appartements dans Marrakech, Autre secteur",70 m²,3 chambres,1 sdb,https://www.avito.ma/fr/autre_secteur/appartements/Appartement_neuf_70m_56211723.htm,Marrakech,70.0,8000.0,Economique
Appartement à vendre 126 m² Tafraoute à Marrakech,2583000.0,"Appartements dans Marrakech, Hivernage",126 m²,3 chambres,1 sdb,https://www.avito.ma/fr/hivernage/appartements/Appartement_%C3%A0_vendre_126_m%C2%B2_Tafraoute_%C3%A0_Marrakech_57551501.htm,Marrakech,126.0,20500.0,Luxe
Un Projet Unique Dans Le Quartier Semlalia,740000.0,"Appartements dans Marrakech, Semlalia",,1 chambre,1 sdb,https://www.avito.ma/fr/semlalia/appartements/Un_Projet_Unique_Dans_Le_Quartier_Semlalia_57030483.htm,Marrakech,73.0,10136.99,Moyen
Appartement à vendre 56 m² à Marrakech,1400000.0,"Appartements dans Marrakech, Guéliz",appartement à vendre 56 m² à marrakech,1 chambre,1 sdb,https://www.avito.ma/fr/gu%C3%A9liz/appartements/Appartement_%C3%A0_vendre_56_m%C2%B2_%C3%A0_Marrakech_57462903.htm,Marrakech,56.0,25000.0,Moyen
43. Opportunité Logement Ain Sebaa,950000.0,"Appartements dans Casablanca, Ain Sebaa",78 m²,2 chambres,2 sdbs,https://www.avito.ma/fr/ain_sebaa/appartements/43__Opportunit%C3%A9_Logement_Ain_Sebaa_57121468.htm,Casablanca,78.0,12179.49,Moyen
Très jolie appartement 88 mètres à Sala al Jadida,1200000.0,"Appartements dans Salé, Sala El Jadida",88 m²,3 chambres,2 sdbs,https://www.avito.ma/fr/sala_el_jadida/appartements/Tr%C3%A8s_jolie_appartement_88_m%C3%A8tres_%C3%A0_Sala_al_Jadida_57416683.htm,Salé,88.0,13636.36,Moyen
Appartement spacieux à vendre à Casabarata Tanger,1590000.0,"Appartements dans Tanger, Casabarata",,3 chambres,1 sdb,https://www.avito.ma/fr/casabarata/appartements/Appartement_spacieux_%C3%A0_vendre_%C3%A0_Casabarata_Tanger_57638497.htm,Tanger,99.5,15979.9,Moyen
Offre d'un appartement à vendre près de la nouvelle gare routière de Tanger,460000.0,"Appartements dans Tanger, Autre secteur",,2 chambres,1 sdb,https://www.avito.ma/fr/autre_secteur/appartements/Offre_d_un_appartement_%C3%A0_vendre_pr%C3%A8s_de_la_nouvelle_gare_routi%C3%A8re_de_Tanger_56270061.htm,Tanger,99.5,4623.12,Economique
Appartement au rez de chaussée Argana,1200000.0,"Appartements dans Essaouira, Argana",,2 chambres,1 sdb,https://www.avito.ma/fr/argana/appartements/Appartement_au_rez_de_chauss%C3%A9e_Argana_57699033.htm,Essaouira,,,Moyen
Studio à vendre 52 m² à Californie,1100000.0,"Appartements dans Casablanca, Californie",58 m²,1 chambre,1 sdb,https://www.avito.ma/fr/californie/appartements/Studio_%C3%A0_vendre_52_m%C2%B2_%C3%A0_Californie_56564882.htm,Casablanca,58.0,18965.52,Moyen
Appartement à vendre sur Hay Riad,4300000.0,"Appartements dans Rabat, Hay Riad",210 m²,3 chambres,3 sdbs,https://www.avito.ma/fr/hay_riad/appartements/Appartement_%C3%A0_vendre_sur_Hay_Riad_57760408.htm,Rabat,210.0,20476.19,Luxe
Superbe studio au Quartier du Parc,830000.0,"Appartements dans Mohammedia, Quartier du Parc",65 m²,1 chambre,1 sdb,https://www.avito.ma/fr/quartier_du_parc/appartements/Superbe_studio_au_Quartier_du_Parc_57191208.htm,Mohammedia,65.0,12769.23,Moyen
Appartement 117m² à Les Princesses,1430000.0,"Appartements dans Casablanca, Les Princesses",117 m²,2 chambres,2 sdbs,https://www.avito.ma/fr/les_princesses/appartements/Appartement_117m%C2%B2_%C3%A0_Les_Princesses_57770344.htm,Casablanca,117.0,12222.22,Moyen
appartement à vendre à Hassan,3500000.0,"Appartements dans Rabat, Hassan",,3 chambres,3 sdbs,https://www.avito.ma/fr/hassan/appartements/appartement_%C3%A0_vendre_%C3%A0_Hassan_57819305.htm,Rabat,140.5,24911.03,Luxe
Studio 47m Maarif Proche Twin Center,1080000.0,"Appartements dans Casablanca, Maarif",47 m²,1 chambre,1 sdb,https://www.avito.ma/fr/maarif/appartements/Studio_47m_Maarif_Proche_Twin_Center_57508882.htm,Casablanca,47.0,22978.72,Moyen
Superbe appartement à vendre à Tanger,650000.0,"Appartements dans Tanger, El Majd",,3 chambres,1 sdb,https://www.avito.ma/fr/el_majd/appartements/Superbe_appartement_%C3%A0_vendre_%C3%A0_Tanger_56817635.htm,Tanger,99.5,6532.66,Moyen
Appartement à vendre 39 m² à Marrakech,698500.0,"Appartements dans Marrakech, Route d'Amezmiz",44 m²,1 chambre,1 sdb,https://www.avito.ma/fr/route_d_amezmiz/appartements/Appartement_%C3%A0_vendre_39_m%C2%B2_%C3%A0_Marrakech_57611206.htm,Marrakech,44.0,15875.0,Moyen
Appartement à vendre 129 m² à Casablanca,1700000.0,"Appartements dans Casablanca, Almaz",146 m²,3 chambres,3 sdbs,https://www.avito.ma/fr/almaz/appartements/Appartement_%C3%A0_vendre_129_m%C2%B2_%C3%A0_Casablanca_57503328.htm,Casablanca,146.0,11643.84,Moyen
Appartement à vendre 79 m² à Marrakech,1382500.0,"Appartements dans Marrakech, Guéliz",appartement à vendre 79 m² à marrakech,2 chambres,2 sdbs,https://www.avito.ma/fr/gu%C3%A9liz/appartements/Appartement_%C3%A0_vendre_79_m%C2%B2_%C3%A0_Marrakech_57404271.htm,Marrakech,79.0,17500.0,Moyen
Appartement à vendre avec subvention,580000.0,"Appartements dans Kénitra, El Haouzia",,2 chambres,2 sdbs,https://www.avito.ma/fr/el_haouzia/appartements/Appartement_%C3%A0_vendre_avec_subvention_57132219.htm,Kénitra,100.0,5800.0,Economique
Appartement neuf haut standing,650000.0,"Appartements dans Dar Bouazza, Toute la ville",66 m²,2 chambres,2 sdbs,https://www.avito.ma/fr/dar_bouazza/appartements/Appartement_neuf_haut_standing_56888994.htm,Dar bouazza,66.0,9848.48,Moyen
Appartement à vendre,459000.0,"Appartements dans Tanger, la Nouvelle Ville Ibn Battouta",65 m²,3 chambres,2 sdbs,https://www.avito.ma/fr/la_nouvelle_ville_ibn_battouta/appartements/Appartement_%C3%A0_vendre_57016777.htm,Tanger,65.0,7061.54,Economique
APPARTEMENT MODERNE HAUT DE GAMME,700000.0,"Appartements dans El Jadida, Autre secteur",,3 chambres,2 sdbs,https://www.avito.ma/fr/autre_secteur/appartements/APPARTEMENT_MODERNE_HAUT_DE_GAMME_57848580.htm,El jadida,140.0,5000.0,Moyen
Appartement À Vendre Aux derniers etages Vue Mer,2925000.0,"Appartements dans Mohammedia, Centre Ville",117 m²,2 chambres,2 sdbs,https://www.avito.ma/fr/centre_ville/appartements/Appartement_%C3%80_Vendre_Aux_derniers_etages_Vue_Mer_57834631.htm,Mohammedia,117.0,25000.0,Luxe
Appartements à vendre Al Firdaws,260000.0,"Appartements dans Ain Aouda, Toute la ville",56 m²,2 chambres,1 sdb,https://www.avito.ma/fr/ain_aouda/appartements/Appartements_%C3%A0_vendre_Al_Firdaws_57753624.htm,Ain aouda,56.0,4642.86,Economique
Rare Opportunité 478 m² en Vente au Cœur de Tanger,7400000.0,"Appartements dans Tanger, Mozart",478 m²,5 chambres,4 sdbs,https://www.avito.ma/fr/mozart/appartements/Rare_Opportunit%C3%A9_478_m%C2%B2_en_Vente_au_C_ur_de_Tanger_56965712.htm,Tanger,478.0,15481.17,Luxe
Appartement à vendre à Belbachir Moudjahidin,580000.0,"Appartements dans Tanger, Moujahidine",,2 chambres,1 sdb,https://www.avito.ma/fr/moujahidine/appartements/Appartement_%C3%A0_vendre_%C3%A0_Belbachir_Moudjahidin_57316130.htm,Tanger,99.5,5829.15,Economique
Appart 96 m2 Mandarona à côté Bd Al qods,960000.0,"Appartements dans Casablanca, Aïn Chock",95 m²,2 chambres,1 sdb,https://www.avito.ma/fr/a%C3%AFn_chock/appartements/Appart_96_m2_Mandarona_%C3%A0_c%C3%B4t%C3%A9_Bd_Al_qods_56368025.htm,Casablanca,95.0,10105.26,Moyen
Appartement 3 Chambres à Vendre à Beauséjour,1200000.0,"Appartements dans Casablanca, Beauséjour",,3 chambres,2 sdbs,https://www.avito.ma/fr/beaus%C3%A9jour/appartements/Appartement_3_Chambres_%C3%A0_Vendre_%C3%A0_Beaus%C3%A9jour_57725752.htm,Casablanca,99.5,12060.3,Moyen
Appartement 3 chambres à 2min de Casanearshore,780000.0,"Appartements dans Casablanca, Sidi Maarouf",70 m²,3 chambres,1 sdb,https://www.avito.ma/fr/sidi_maarouf/appartements/Appartement_3_chambres_%C3%A0_2min_de_Casanearshore_57828086.htm,Casablanca,70.0,11142.86,Moyen
Appartement à vendre 253 m² à Casablanca,4350000.0,"Appartements dans Casablanca, Gauthier",267 m²,4 chambres,4 sdbs,https://www.avito.ma/fr/gauthier/appartements/Appartement_%C3%A0_vendre_253_m%C2%B2_%C3%A0_Casablanca_57248573.htm,Casablanca,267.0,16292.13,Luxe
Appartement Neuf 3 Chambres avec Grande Terrasse,1800000.0,"Appartements dans Marrakech, Route de Casablanca",131 m²,3 chambres,2 sdbs,https://www.avito.ma/fr/route_de_casablanca/appartements/Appartement_Neuf_3_Chambres_avec_Grande_Terrasse_54926500.htm,Marrakech,131.0,13740.46,Moyen
"Appartement à vendre – Quartier Marjane, Tanger",800000.0,"Appartements dans Tanger, Marjane",,2 chambres,2 sdbs,https://www.avito.ma/fr/marjane/appartements/Appartement_%C3%A0_vendre___Quartier_Marjane__Tanger_57604786.htm,Tanger,99.5,8040.2,Moyen
Appartement à rénover avec fort potentiel - Maarif,1350000.0,"Appartements dans Casablanca, Maarif",85 m²,2 chambres,1 sdb,https://www.avito.ma/fr/maarif/appartements/Appartement_%C3%A0_r%C3%A9nover_avec_fort_potentiel___Maarif_57701910.htm,Casablanca,85.0,15882.35,Moyen
Appart. Haut Stand. 167 m² Quartier Hôpitaux,2250000.0,"Appartements dans Casablanca, Hay Chrifa",appart. haut stand. 167 m² quartier hôpitaux,3 chambres,2 sdbs,https://www.avito.ma/fr/hay_chrifa/appartements/Appart__Haut_Stand__167_m%C2%B2_Quartier_H%C3%B4pitaux_56296854.htm,Casablanca,167.0,13473.05,Luxe
Bel appartement de 103 m² à Bourgogne Ouest,1450000.0,"Appartements dans Casablanca, Bourgogne",103 m²,2 chambres,2 sdbs,https://www.avito.ma/fr/bourgogne/appartements/Bel_appartement_de_103_m%C2%B2_%C3%A0_Bourgogne_Ouest_57644656.htm,Casablanca,103.0,14077.67,Moyen
Appart. 3 ch Safa Mandarona à coté Bd al qods,760000.0,"Appartements dans Marrakech, Annakhil",,3 chambres,1 sdb,https://www.avito.ma/fr/annakhil/appartements/Appart__3_ch_Safa_Mandarona_%C3%A0_cot%C3%A9_Bd_al_qods_56370469.htm,Marrakech,73.0,10410.96,Moyen
Appartement Haut Standing avec Piscine Rt. Casa,670000.0,"Appartements dans Marrakech, Route de Casablanca",,1 chambre,,https://www.avito.ma/fr/route_de_casablanca/appartements/Appartement_Haut_Standing_avec_Piscine_Rt__Casa_56515882.htm,Marrakech,73.0,9178.08,Moyen
RBA-YA-1053 - Appartement à vendre à Hay El Menzah,2100000.0,"Appartements dans Rabat, Autre secteur",150 m²,3 chambres,2 sdbs,https://www.avito.ma/fr/autre_secteur/appartements/RBA_YA_1053___Appartement_%C3%A0_vendre_%C3%A0_Hay_El_Menzah_56835389.htm,Rabat,150.0,14000.0,Luxe
Appartement à vendre 75 m² à Rabat,1500000.0,"Appartements dans Rabat, Diour Jamaa",appartement à vendre 75 m² à rabat,2 chambres,0 sdb,https://www.avito.ma/fr/diour_jamaa/appartements/Appartement_%C3%A0_vendre_75_m%C2%B2_%C3%A0_Rabat_57816099.htm,Rabat,75.0,20000.0,Moyen
Appartement à vendre 150 m² à Rabat,180000.0,"Appartements dans Rabat, Agdal",130 m²,3 chambres,1 sdb,https://www.avito.ma/fr/agdal/appartements/Appartement_%C3%A0_vendre_150_m%C2%B2_%C3%A0_Rabat_56069224.htm,Rabat,130.0,1384.62,Economique
Studios & Appartements à partir de 65 Millions,650000.0,"Appartements dans Casablanca, Ain Sebaa",127 m²,2 chambres,2 sdbs,https://www.avito.ma/fr/ain_sebaa/appartements/Studios___Appartements_%C3%A0_partir_de_65_Millions_57558667.htm,Casablanca,127.0,5118.11,Moyen
Appartement à vendre 118 m² à Casablanca,1750000.0,"Appartements dans Casablanca, Val Fleuri",118 m²,2 chambres,1 sdb,https://www.avito.ma/fr/val_fleuri/appartements/Appartement_%C3%A0_vendre_118_m%C2%B2_%C3%A0_Casablanca_57775545.htm,Casablanca,118.0,14830.51,Moyen
À vendre – Appartement haut standing à Bir Rami,790000.0,"Appartements dans Kénitra, Bir Rami",85 m²,2 chambres,2 sdbs,https://www.avito.ma/fr/bir_rami/appartements/%C3%80_vendre___Appartement_haut_standing_%C3%A0_Bir_Rami_49131411.htm,Kénitra,85.0,9294.12,Moyen
Studio à vendre 58 m² à Marrakech,986000.0,"Appartements dans Marrakech, Majorelle",studio à vendre 58 m² à marrakech,1 chambre,1 sdb,https://www.avito.ma/fr/majorelle/appartements/Studio_%C3%A0_vendre_58_m%C2%B2_%C3%A0_Marrakech_57292606.htm,Marrakech,58.0,17000.0,Moyen
Magnifique studio 52m2 Quartier Les Princesses,1100000.0,"Appartements dans Casablanca, Les Princesses",52 m²,1 chambre,0 sdb,https://www.avito.ma/fr/les_princesses/appartements/Magnifique_studio_52m2_Quartier_Les_Princesses_57625630.htm,Casablanca,52.0,21153.85,Moyen
Appartement terrasse 4ème étage quartier BURGER,1350000.0,"Appartements dans Casablanca, Maârif Extension",,2 chambres,1 sdb,https://www.avito.ma/fr/ma%C3%A2rif_extension/appartements/Appartement_terrasse_4%C3%A8me_%C3%A9tage_quartier_BURGER_57708317.htm,Casablanca,99.5,13567.84,Moyen
Appart 142m Haut Standing A Maarif Ex,2100000.0,"Appartements dans Casablanca, Maârif Extension",,2 chambres,2 sdbs,https://www.avito.ma/fr/ma%C3%A2rif_extension/appartements/Appart_142m_Haut_Standing_A_Maarif_Ex_57800665.htm,Casablanca,99.5,21105.53,Luxe
Appart 131m2 a vendre,2300000.0,"Appartements dans Rabat, Agdal",131 m²,3 chambres,2 sdbs,https://www.avito.ma/fr/agdal/appartements/Appart_131m2_a_vendre_57519520.htm,Rabat,131.0,17557.25,Luxe
Appartement à vendre 157 m² à Casablanca,1400000.0,"Appartements dans Casablanca, Abdelmoumen",appartement à vendre 157 m² à casablanca,3 chambres,2 sdbs,https://www.avito.ma/fr/abdelmoumen/appartements/Appartement_%C3%A0_vendre_157_m%C2%B2_%C3%A0_Casablanca_57322735.htm,Casablanca,157.0,8917.2,Moyen
Appartement à vendre 100 m² à Fès,520000.0,"Appartements dans Fès, Tghat",100 m²,3 chambres,2 sdbs,https://www.avito.ma/fr/tghat/appartements/Appartement_%C3%A0_vendre_100_m%C2%B2_%C3%A0_F%C3%A8s_55542483.htm,Fès,100.0,5200.0,Economique
Appartement à vendre 97 m² à Casablanca,1550000.0,"Appartements dans Casablanca, Val Fleuri",97 m²,1 chambre,1 sdb,https://www.avito.ma/fr/val_fleuri/appartements/Appartement_%C3%A0_vendre_97_m%C2%B2_%C3%A0_Casablanca_57583411.htm,Casablanca,97.0,15979.38,Moyen
Appartement à vendre 100m² à Bourgogne Mobilia,1650000.0,"Appartements dans Casablanca, Bourgogne",appartement à vendre 100m² à bourgogne mobilia,2 chambres,2 sdbs,https://www.avito.ma/fr/bourgogne/appartements/Appartement_%C3%A0_vendre_100m%C2%B2_%C3%A0_Bourgogne_Mobilia_57752033.htm,Casablanca,100.0,16500.0,Moyen
Appartement Maamora Centre Ville Kénitra,1490000.0,"Appartements dans Kénitra, Maamora",,2 chambres,2 sdbs,https://www.avito.ma/fr/maamora/appartements/Appartement_Maamora_Centre_Ville_K%C3%A9nitra_57261794.htm,Kénitra,100.0,14900.0,Moyen
Appartements 118m Haut Standing Maarif Ex,1750000.0,"Appartements dans Casablanca, Maarif",118 m²,3 chambres,2 sdbs,https://www.avito.ma/fr/maarif/appartements/Appartements_118m_Haut_Standing_Maarif_Ex_57320392.htm,Casablanca,118.0,14830.51,Moyen
CMN-ME-1691 - Appartement à vendre à 2 Mars,2100000.0,"Appartements dans Casablanca, 2 Mars",156 m²,3 chambres,2 sdbs,https://www.avito.ma/fr/2_mars/appartements/CMN_ME_1691___Appartement_%C3%A0_vendre_%C3%A0_2_Mars_57340227.htm,Casablanca,156.0,13461.54,Luxe
Appartement 3 Chambre vente à Quartier CFC,5000000.0,"Appartements dans Casablanca, Casablanca Finance City",,3 chambres,3 sdbs,https://www.avito.ma/fr/casablanca_finance_city/appartements/Appartement_3_Chambre_vente_%C3%A0_Quartier_CFC_57531652.htm,Casablanca,99.5,50251.26,Luxe
Appartement à vendre deux façades,900000.0,"Appartements dans Essaouira, Centre ville",,2 chambres,1 sdb,https://www.avito.ma/fr/centre_ville/appartements/Appartement_%C3%A0_vendre_deux_fa%C3%A7ades_57676901.htm,Essaouira,,,Moyen
Projet neuf – Studios Haut Standing à 5 min de CFC,770000.0,"Appartements dans Casablanca, Casablanca Finance City",50 m²,1 chambre,1 sdb,https://www.avito.ma/fr/casablanca_finance_city/appartements/Projet_neuf___Studios_Haut_Standing_%C3%A0_5_min_de_CFC_57745124.htm,Casablanca,50.0,15400.0,Moyen
Studio idéal pour investissement 47m²,1205000.0,"Appartements dans Casablanca, Bachkou",studio idéal pour investissement 47m²,1 chambre,2 sdbs,https://www.avito.ma/fr/bachkou/appartements/Studio_id%C3%A9al_pour_investissement_47m%C2%B2_57624295.htm,Casablanca,47.0,25638.3,Moyen
BEN-MA-1119 - Appartement à vendre à Mansouria-B...,1640000.0,"Appartements dans Benslimane, Autre secteur",109 m²,2 chambres,2 sdbs,https://www.avito.ma/fr/autre_secteur/appartements/BEN_MA_1119___Appartement_%C3%A0_vendre_%C3%A0_Mansouria_B____57356776.htm,Benslimane,109.0,15045.87,Moyen
Superbe Appartement de 90m² - 880000dhs,880000.0,"Appartements dans Casablanca, Roches Noires",90 m²,2 chambres,2 sdbs,https://www.avito.ma/fr/roches_noires/appartements/Superbe_Appartement_de_90m%C2%B2___880000dhs_57596390.htm,Casablanca,90.0,9777.78,Moyen
CMN-MA-2450 - Appartement à vendre à Bd Anoual,1800000.0,"Appartements dans Casablanca, Autre secteur",114 m²,3 chambres,2 sdbs,https://www.avito.ma/fr/autre_secteur/appartements/CMN_MA_2450___Appartement_%C3%A0_vendre_%C3%A0_Bd_Anoual_57276428.htm,Casablanca,114.0,15789.47,Moyen
Appartement à vendre 100 m² à Marrakech,2400000.0,"Appartements dans Marrakech, Hivernage",appartement à vendre 100 m² à marrakech,2 chambres,2 sdbs,https://www.avito.ma/fr/hivernage/appartements/Appartement_%C3%A0_vendre_100_m%C2%B2_%C3%A0_Marrakech_57764655.htm,Marrakech,100.0,24000.0,Luxe
Studio à vendre 33m² à Palmier,970000.0,"Appartements dans Casablanca, Palmier",studio à vendre 33m² à palmier,1 chambre,1 sdb,https://www.avito.ma/fr/palmier/appartements/Studio_%C3%A0_vendre_33m%C2%B2_%C3%A0_Palmier_57737757.htm,Casablanca,33.0,29393.94,Moyen
Immeuble Haut standing à Yacoub Mansour,1300000.0,"Appartements dans Casablanca, Maarif",,2 chambres,2 sdbs,https://www.avito.ma/fr/maarif/appartements/Immeuble_Haut_standing_%C3%A0_Yacoub_Mansour_57290481.htm,Casablanca,99.5,13065.33,Moyen
Studio 49m Neuf Proche Tram Anoual,1020000.0,"Appartements dans Casablanca, Quartier des Hôpitaux",49 m²,1 chambre,1 sdb,https://www.avito.ma/fr/quartier_des_h%C3%B4pitaux/appartements/Studio_49m_Neuf_Proche_Tram_Anoual_57486720.htm,Casablanca,49.0,20816.33,Moyen
Appartement vue sur mer à vendre à Asilah,2000000.0,"Appartements dans Asilah, Toute la ville",150 m²,3 chambres,3 sdbs,https://www.avito.ma/fr/asilah/appartements/Appartement_vue_sur_mer_%C3%A0_vendre_%C3%A0_Asilah_57749648.htm,Asilah,150.0,13333.33,Moyen
Appartement à vendre 111 m² à Temara,1190000.0,"Appartements dans Temara, Autre secteur",111 m²,3 chambres,2 sdbs,https://www.avito.ma/fr/autre_secteur/appartements/Appartement_%C3%A0_vendre_111_m%C2%B2_%C3%A0_Temara_57848474.htm,Temara,111.0,10720.72,Moyen
Appart 105m A Résidence Casa Park Sidi Maarouf,1250000.0,"Appartements dans Casablanca, Sidi Maarouf",105 m²,3 chambres,2 sdbs,https://www.avito.ma/fr/sidi_maarouf/appartements/Appart_105m_A_R%C3%A9sidence_Casa_Park_Sidi_Maarouf_57384299.htm,Casablanca,105.0,11904.76,Moyen
Studio neuf 41 m2 à vendre à Roche Noires,640000.0,"Appartements dans Casablanca, Roches Noires",41 m²,1 chambre,1 sdb,https://www.avito.ma/fr/roches_noires/appartements/Studio_neuf_41_m2_%C3%A0_vendre_%C3%A0_Roche_Noires_55587139.htm,Casablanca,41.0,15609.76,Moyen
CMN-AN-1884 - Appartement à vendre à Bourgogne,1300000.0,"Appartements dans Casablanca, Bourgogne",80 m²,2 chambres,1 sdb,https://www.avito.ma/fr/bourgogne/appartements/CMN_AN_1884___Appartement_%C3%A0_vendre_%C3%A0_Bourgogne_57370097.htm,Casablanca,80.0,16250.0,Moyen
CMN-MA-2188 - Appartement à vendre à Racine,1680000.0,"Appartements dans Casablanca, Racine",144 m²,3 chambres,1 sdb,https://www.avito.ma/fr/racine/appartements/CMN_MA_2188___Appartement_%C3%A0_vendre_%C3%A0_Racine_56537855.htm,Casablanca,144.0,11666.67,Moyen
Duplex Avec Cour Spacieuse En Résidence Fermée,1800000.0,"Appartements dans Marrakech, Semlalia",,2 chambres,2 sdbs,https://www.avito.ma/fr/semlalia/appartements/Duplex_Avec_Cour_Spacieuse_En_R%C3%A9sidence_Ferm%C3%A9e_57397321.htm,Marrakech,73.0,24657.53,Moyen
Appartement 74 m² à ALMAZ,830000.0,"Appartements dans Casablanca, Almaz",74 m²,2 chambres,1 sdb,https://www.avito.ma/fr/almaz/appartements/Appartement_74_m%C2%B2_%C3%A0_ALMAZ_57443082.htm,Casablanca,74.0,11216.22,Moyen
Bel Appartement Moderne Aux Palmeraies À Vendre,1500000.0,"Appartements dans Marrakech, Palmeraie",85 m²,2 chambres,2 sdbs,https://www.avito.ma/fr/palmeraie/appartements/Bel_Appartement_Moderne_Aux_Palmeraies_%C3%80_Vendre_57779634.htm,Marrakech,85.0,17647.06,Moyen
CMN-ME-1690 - Appartement à vendre à 2 Mars,1700000.0,"Appartements dans Casablanca, 2 Mars",85 m²,2 chambres,2 sdbs,https://www.avito.ma/fr/2_mars/appartements/CMN_ME_1690___Appartement_%C3%A0_vendre_%C3%A0_2_Mars_57325115.htm,Casablanca,85.0,20000.0,Moyen
"Appartement 112 mètres, 3 façades avec soutien",830000.0,"Appartements dans Marrakech, M'Hamid",112 m²,3 chambres,1 sdb,https://www.avito.ma/fr/m_hamid/appartements/Appartement_112_m%C3%A8tres__3_fa%C3%A7ades_avec_soutien_56223074.htm,Marrakech,112.0,7410.71,Moyen
Appart 68m Maarif Ex Près Carrefour Yacoub,920000.0,"Appartements dans Casablanca, Maârif Extension",68 m²,2 chambres,2 sdbs,https://www.avito.ma/fr/ma%C3%A2rif_extension/appartements/Appart_68m_Maarif_Ex_Pr%C3%A8s_Carrefour_Yacoub_57779357.htm,Casablanca,68.0,13529.41,Moyen
Appartement meublé neuf sur corniche Martil,1500000.0,"Appartements dans Martil, Toute la ville",150 m²,3 chambres,1 sdb,https://www.avito.ma/fr/martil/appartements/Appartement_meubl%C3%A9_neuf_sur_corniche_Martil_57833371.htm,Martil,150.0,10000.0,Moyen
Appartement à vendre,770000.0,"Appartements dans Mohammedia, Hay Al Wahda",,3 chambres,1 sdb,https://www.avito.ma/fr/hay_al_wahda/appartements/Appartement_%C3%A0_vendre_55592654.htm,Mohammedia,104.0,7403.85,Moyen
Lancement projets appartements près Mahatta Jadida,380000.0,"Appartements dans Tanger, Aouama Gharbia",,2 chambres,1 sdb,https://www.avito.ma/fr/aouama_gharbia/appartements/Lancement_projets_appartements_pr%C3%A8s_Mahatta_Jadida_55013303.htm,Tanger,99.5,3819.1,Economique
DES Appartements de 109 m² à Victoria - BOUSKOURA,855000.0,"Appartements dans Bouskoura, Victoria",115 m²,3 chambres,2 sdbs,https://www.avito.ma/fr/victoria/appartements/DES_Appartements_de_109_m%C2%B2_%C3%A0_Victoria___BOUSKOURA_56454082.htm,Bouskoura,115.0,7434.78,Moyen
Appartement à vendre 128 m² à Bouskoura,1300000.0,"Appartements dans Bouskoura, Victoria",140 m²,3 chambres,2 sdbs,https://www.avito.ma/fr/victoria/appartements/Appartement_%C3%A0_vendre_128_m%C2%B2_%C3%A0_Bouskoura_57814586.htm,Bouskoura,140.0,9285.71,Moyen
Vente Urgente Appartement Économique AinChock Lamkansa4,430000.0,"Appartements dans Lamkansa, Toute la ville",60 m²,2 chambres,2 sdbs,https://www.avito.ma/fr/lamkansa/appartements/Vente_Urgente_Appartement_%C3%89conomique_AinChock_Lamkansa4_57814995.htm,Lamkansa,60.0,7166.67,Economique
Appartement à vendre quartier Moughamae El Hassani,760000000.0,"Appartements dans Tanger, Autre secteur",100 m²,2 chambres,1 sdb,https://www.avito.ma/fr/autre_secteur/appartements/Appartement_%C3%A0_vendre_quartier_Moughamae_El_Hassani_57848399.htm,Tanger,100.0,7600000.0,Luxe
Appartement à Mohammedia au quartier du Parc,1450000.0,"Appartements dans Mohammedia, Quartier du Parc",125 m²,3 chambres,2 sdbs,https://www.avito.ma/fr/quartier_du_parc/appartements/Appartement_%C3%A0_Mohammedia_au_quartier_du_Parc_57567583.htm,Mohammedia,125.0,11600.0,Moyen
3 Chambres à vendre 112 m² à Californie,2000000.0,"Appartements dans Casablanca, Californie",117 m²,3 chambres,2 sdbs,https://www.avito.ma/fr/californie/appartements/3_Chambres_%C3%A0_vendre_112_m%C2%B2_%C3%A0_Californie_56564980.htm,Casablanca,117.0,17094.02,Moyen
CMN-AC-2063 - Appartement à vendre à Sidi Maarouf,900000.0,"Appartements dans Casablanca, Sidi Maarouf",85 m²,2 chambres,2 sdbs,https://www.avito.ma/fr/sidi_maarouf/appartements/CMN_AC_2063___Appartement_%C3%A0_vendre_%C3%A0_Sidi_Maarouf_57349576.htm,Casablanca,85.0,10588.24,Moyen
Appartement à vendre 90 m² Limoune à Ouled Teïma,585000.0,"Appartements dans Ouled Teïma, Toute la ville",90 m²,3 chambres,1 sdb,https://www.avito.ma/fr/ouled_te%C3%AFma/appartements/Appartement_%C3%A0_vendre_90_m%C2%B2_Limoune_%C3%A0_Ouled_Te%C3%AFma_56824722.htm,Ouled teïma,90.0,6500.0,Economique
2 Appartements moyen standing à vendre – Benguerir,520000.0,"Appartements dans Ben Guerir, Toute la ville",92 m²,2 chambres,2 sdbs,https://www.avito.ma/fr/ben_guerir/appartements/2_Appartements_moyen_standing_%C3%A0_vendre___Benguerir_56548870.htm,Ben guerir,92.0,5652.17,Economique
CMN-HA-1859 - Appartement à vendre à Beauséjour,1270000.0,"Appartements dans Casablanca, Beauséjour",95 m²,2 chambres,2 sdbs,https://www.avito.ma/fr/beaus%C3%A9jour/appartements/CMN_HA_1859___Appartement_%C3%A0_vendre_%C3%A0_Beaus%C3%A9jour_57245367.htm,Casablanca,95.0,13368.42,Moyen
Appartements à vendre à Meknès,670000.0,"Appartements dans Meknès, Autre secteur",100 m²,3 chambres,2 sdbs,https://www.avito.ma/fr/autre_secteur/appartements/Appartements_%C3%A0_vendre_%C3%A0_Mekn%C3%A8s_57848348.htm,Meknès,100.0,6700.0,Moyen
Studio à vendre à Hassan,95000000.0,"Appartements dans Rabat, Hassan",60 m²,2 chambres,1 sdb,https://www.avito.ma/fr/hassan/appartements/Studio_%C3%A0_vendre_%C3%A0_Hassan_57848336.htm,Rabat,60.0,1583333.33,Luxe
Appt 3 ch salon à vendre à Val Fleuri,1800000.0,"Appartements dans Casablanca, Val Fleuri",126 m²,3 chambres,2 sdbs,https://www.avito.ma/fr/val_fleuri/appartements/Appt_3_ch_salon_%C3%A0_vendre_%C3%A0_Val_Fleuri_56660584.htm,Casablanca,126.0,14285.71,Moyen
Appartement idéal avec un bon prix,360000.0,"Appartements dans Settat, Hay Al Kamal",102 m²,2 chambres,1 sdb,https://www.avito.ma/fr/hay_al_kamal/appartements/Appartement_id%C3%A9al_avec_un_bon_prix_57776043.htm,Settat,102.0,3529.41,Economique
3 Chambres à vendre 143 m² à Californie,2255000.0,"Appartements dans Casablanca, Californie",143 m²,3 chambres,2 sdbs,https://www.avito.ma/fr/californie/appartements/3_Chambres_%C3%A0_vendre_143_m%C2%B2_%C3%A0_Californie_56512306.htm,Casablanca,143.0,15769.23,Luxe
Appartement meublé 3 chambres à vendre Tanger,650000.0,"Appartements dans Tanger, Hay Hassani",70 m²,3 chambres,1 sdb,https://www.avito.ma/fr/hay_hassani/appartements/Appartement_meubl%C3%A9_3_chambres_%C3%A0_vendre_Tanger_57304897.htm,Tanger,70.0,9285.71,Moyen
CMN-AN-1875 - Appartement à vendre à Bourgogne,1500000.0,"Appartements dans Casablanca, Bourgogne",113 m²,3 chambres,1 sdb,https://www.avito.ma/fr/bourgogne/appartements/CMN_AN_1875___Appartement_%C3%A0_vendre_%C3%A0_Bourgogne_57306326.htm,Casablanca,113.0,13274.34,Moyen
Appartement à vendre,700000.0,"Appartements dans Agadir, Cité Adrar",65 m²,2 chambres,2 sdbs,https://www.avito.ma/fr/cit%C3%A9_adrar/appartements/Appartement_%C3%A0_vendre_57848298.htm,Agadir,65.0,10769.23,Moyen
Appartement 2 chambres corniche investisseurs airbnb,1100000.0,"Appartements dans Tanger, Malabata",75 m²,2 chambres,1 sdb,https://www.avito.ma/fr/malabata/appartements/Appartement_2_chambres_corniche_investisseurs_airbnb_57831155.htm,Tanger,75.0,14666.67,Moyen
Appartement en vente 61m² à Gueliz Piscine Rooftop,1500000.0,"Appartements dans Marrakech, Guéliz",61 m²,1 chambre,1 sdb,https://www.avito.ma/fr/gu%C3%A9liz/appartements/Appartement_en_vente_61m%C2%B2_%C3%A0_Gueliz_Piscine_Rooftop_57656300.htm,Marrakech,61.0,24590.16,Moyen
CMN-MA-2478 - Appartement à vendre à Burger,2200000.0,"Appartements dans Casablanca, Maarif",197 m²,4 chambres,1 sdb,https://www.avito.ma/fr/maarif/appartements/CMN_MA_2478___Appartement_%C3%A0_vendre_%C3%A0_Burger_57365012.htm,Casablanca,197.0,11167.51,Luxe
Appartement à vendre 60 m² à Marrakech,1200000.0,"Appartements dans Marrakech, Guéliz",appartement à vendre 60 m² à marrakech,1 chambre,1 sdb,https://www.avito.ma/fr/gu%C3%A9liz/appartements/Appartement_%C3%A0_vendre_60_m%C2%B2_%C3%A0_Marrakech_57585644.htm,Marrakech,60.0,20000.0,Moyen
Appartement à vendre 118 m² Jardins d’Émeraude,1664800.0,"Appartements dans Agadir, Hay Salam",118 m²,4 chambres,0 sdb,https://www.avito.ma/fr/hay_salam/appartements/Appartement_%C3%A0_vendre_118_m%C2%B2_Jardins_d_%C3%89meraude_57129440.htm,Agadir,118.0,14108.47,Moyen
Duplex kasba 115m bonne affaire,660000.0,"Appartements dans Tamesna, Toute la ville",,2 chambres,,https://www.avito.ma/fr/tamesna/appartements/Duplex_kasba_115m_bonne_affaire_53953464.htm,Tamesna,,,Moyen
A vendre un appart de 4 chambres sans voisins,3400000.0,"Appartements dans Casablanca, Quartier des Hôpitaux",274 m²,4 chambres,3 sdbs,https://www.avito.ma/fr/quartier_des_h%C3%B4pitaux/appartements/A_vendre_un_appart_de_4_chambres_sans_voisins_57375208.htm,Casablanca,274.0,12408.76,Luxe
Appartement à vendre opportunité unique à Saïd Hajji – Salé,620000.0,"Appartements dans Salé, Said Hajji",70 m²,2 chambres,1 sdb,https://www.avito.ma/fr/said_hajji/appartements/Appartement_%C3%A0_vendre_opportunit%C3%A9_unique_%C3%A0_Sa%C3%AFd_Hajji___Sal%C3%A9_57812395.htm,Salé,70.0,8857.14,Moyen
Appartement neuf à vendre 71 m² à Marrakech,460000.0,"Appartements dans Marrakech, M'Hamid",71 m²,3 chambres,2 sdbs,https://www.avito.ma/fr/m_hamid/appartements/Appartement_neuf_%C3%A0_vendre_71_m%C2%B2_%C3%A0_Marrakech_53696929.htm,Marrakech,71.0,6478.87,Economique
Studio-Neuf/JamaisHabité/ 62M²/Tram Busway Ghandi,880000.0,"Appartements dans Casablanca, Maarif",62 m²,1 chambre,1 sdb,https://www.avito.ma/fr/maarif/appartements/Studio_Neuf_JamaisHabit%C3%A9__62M%C2%B2_Tram_Busway_Ghandi_57189622.htm,Casablanca,62.0,14193.55,Moyen
Appartement à vendre 74 m² à Sidi maarouf,760000.0,"Appartements dans Casablanca, Sidi Maarouf",74 m²,2 chambres,2 sdbs,https://www.avito.ma/fr/sidi_maarouf/appartements/Appartement_%C3%A0_vendre_74_m%C2%B2_%C3%A0_Sidi_maarouf_57677252.htm,Casablanca,74.0,10270.27,Moyen
Appartement à vendre 104 m² à Mohammedia,1590000.0,"Appartements dans Mohammedia, Quartier du Parc",appartement à vendre 104 m² à mohammedia,2 chambres,2 sdbs,https://www.avito.ma/fr/quartier_du_parc/appartements/Appartement_%C3%A0_vendre_104_m%C2%B2_%C3%A0_Mohammedia_57711440.htm,Mohammedia,104.0,15288.46,Moyen
Appartement à vendre 46 m² à Marrakech,874000.0,"Appartements dans Marrakech, Guéliz",appartement à vendre 46 m² à marrakech,1 chambre,1 sdb,https://www.avito.ma/fr/gu%C3%A9liz/appartements/Appartement_%C3%A0_vendre_46_m%C2%B2_%C3%A0_Marrakech_57403547.htm,Marrakech,46.0,19000.0,Moyen
Appartement à vendre à Oulfa,700000.0,"Appartements dans Casablanca, Oulfa",73 m²,2 chambres,2 sdbs,https://www.avito.ma/fr/oulfa/appartements/Appartement_%C3%A0_vendre_%C3%A0_Oulfa_57712644.htm,Casablanca,73.0,9589.04,Moyen
Appartement d’exception à vendre au cœur d’Agdal,2300000.0,"Appartements dans Rabat, Agdal",,3 chambres,2 sdbs,https://www.avito.ma/fr/agdal/appartements/Appartement_d_exception_%C3%A0_vendre_au_c_ur_d_Agdal_57779106.htm,Rabat,140.5,16370.11,Luxe
Appartements à vendre 56 m² à Marrakech,560000.0,"Appartements dans Marrakech, Mabrouka",56 m²,2 chambres,1 sdb,https://www.avito.ma/fr/mabrouka/appartements/Appartements_%C3%A0_vendre_56_m%C2%B2_%C3%A0_Marrakech_57418106.htm,Marrakech,56.0,10000.0,Economique
"Superbe appartement à vendre dans le quartier Golf, route des Rmilat",960000.0,"Appartements dans Tanger, Du Golf",79 m²,2 chambres,1 sdb,https://www.avito.ma/fr/du_golf/appartements/Superbe_appartement_%C3%A0_vendre_dans_le_quartier_Golf__route_des_Rmilat_57030107.htm,Tanger,79.0,12151.9,Moyen
Spacieux appartement deux façades Belvédère,1100000.0,"Appartements dans Casablanca, Belvédère",163 m²,2 chambres,2 sdbs,https://www.avito.ma/fr/belv%C3%A9d%C3%A8re/appartements/Spacieux_appartement_deux_fa%C3%A7ades_Belv%C3%A9d%C3%A8re_57130099.htm,Casablanca,163.0,6748.47,Moyen
Appart 114m2 de 3 ch salon à Rouidate,970000.0,"Appartements dans Marrakech, Rouidat",,3 chambres,1 sdb,https://www.avito.ma/fr/rouidat/appartements/Appart_114m2_de_3_ch_salon_%C3%A0_Rouidate_57312726.htm,Marrakech,73.0,13287.67,Moyen
Neuf Appartement à vendre 63 m² à Agadir,780000.0,"Appartements dans Agadir, Hay Mohammadi",neuf appartement à vendre 63 m² à agadir,2 chambres,1 sdb,https://www.avito.ma/fr/hay_mohammadi/appartements/Neuf_Appartement_%C3%A0_vendre_63_m%C2%B2_%C3%A0_Agadir_57604791.htm,Agadir,63.0,12380.95,Moyen
Appartement à vendre 85 m² à Sidi Rahal,990000.0,"Appartements dans Sidi Rahal, Toute la ville",appartement à vendre 85 m² à sidi rahal,2 chambres,1 sdb,https://www.avito.ma/fr/sidi_rahal/appartements/Appartement_%C3%A0_vendre_85_m%C2%B2_%C3%A0_Sidi_Rahal_57616748.htm,Sidi rahal,85.0,11647.06,Moyen
Magnifique studio à vendre palmier,1200000.0,"Appartements dans Casablanca, Palmier",,1 chambre,1 sdb,https://www.avito.ma/fr/palmier/appartements/Magnifique_studio_%C3%A0_vendre_palmier_56489196.htm,Casablanca,99.5,12060.3,Moyen
Duplex meublé à vendre près du stade Ibn Batouta,1300000.0,"Appartements dans Tanger, Ziatene",140 m²,2 chambres,1 sdb,https://www.avito.ma/fr/ziatene/appartements/Duplex_meubl%C3%A9_%C3%A0_vendre_pr%C3%A8s_du_stade_Ibn_Batouta_57110774.htm,Tanger,140.0,9285.71,Moyen
Excellents appartements à vendre,900000.0,"Appartements dans Temara, Autre secteur",120 m²,4 chambres,2 sdbs,https://www.avito.ma/fr/autre_secteur/appartements/Excellents_appartements_%C3%A0_vendre_56831884.htm,Temara,120.0,7500.0,Moyen
Appartement Excellente finition Très ensoleillé,600000.0,"Appartements dans Salé, Toute la ville",79 m²,2 chambres,1 sdb,https://www.avito.ma/fr/sal%C3%A9/appartements/Appartement_Excellente_finition_Tr%C3%A8s_ensoleill%C3%A9_57749360.htm,Salé,79.0,7594.94,Moyen
Studio meublé à vendre vue piscine,700000.0,"Appartements dans Mohammedia, Mimosas",,1 chambre,1 sdb,https://www.avito.ma/fr/mimosas/appartements/Studio_meubl%C3%A9_%C3%A0_vendre_vue_piscine_57272115.htm,Mohammedia,104.0,6730.77,Moyen
Excellent appartement à vendre meublé,380000.0,"Appartements dans Fès, Route Ain Chkaf",73 m²,3 chambres,1 sdb,https://www.avito.ma/fr/route_ain_chkaf/appartements/Excellent_appartement_%C3%A0_vendre_meubl%C3%A9_57848260.htm,Fès,73.0,5205.48,Economique
Appartement à vendre 118m² La Perle du Sahara Dakhla,885000.0,"Appartements dans Dakhla, Toute la ville",118 m²,4 chambres,1 sdb,https://www.avito.ma/fr/dakhla/appartements/Appartement_%C3%A0_vendre_118m%C2%B2_La_Perle_du_Sahara_Dakhla_57556568.htm,Dakhla,118.0,7500.0,Moyen
Appartement 109 m² à Salé en cours de construction,1320000.0,"Appartements dans Salé, Sala El Jadida",appartement 109 m² à salé en cours de construction,3 chambres,2 sdbs,https://www.avito.ma/fr/sala_el_jadida/appartements/Appartement_109_m%C2%B2_%C3%A0_Sal%C3%A9_en_cours_de_construction_57366961.htm,Salé,109.0,12110.09,Moyen
RACINE Superbe Appartement Rénové à Vendre 265m²,4850000.0,"Appartements dans Casablanca, Racine",265 m²,4 chambres,3 sdbs,https://www.avito.ma/fr/racine/appartements/RACINE_Superbe_Appartement_R%C3%A9nov%C3%A9_%C3%A0_Vendre_265m%C2%B2_57696349.htm,Casablanca,265.0,18301.89,Luxe
Appartement à vendre 102 m² à Agadir,2750000.0,"Appartements dans Agadir, Founty",appartement à vendre 102 m² à agadir,2 chambres,3 sdbs,https://www.avito.ma/fr/founty/appartements/Appartement_%C3%A0_vendre_102_m%C2%B2_%C3%A0_Agadir_57094364.htm,Agadir,102.0,26960.78,Luxe
Appartement à vendre à Marina Agadir,2700000.0,"Appartements dans Agadir, Secteur Touristique",0 m²,1 chambre,2 sdbs,https://www.avito.ma/fr/secteur_touristique/appartements/Appartement_%C3%A0_vendre_%C3%A0_Marina_Agadir_57784145.htm,Agadir,0.0,inf,Luxe
Appartement à vendre,170000.0,"Appartements dans Meknès, Wislane",65 m²,2 chambres,1 sdb,https://www.avito.ma/fr/wislane/appartements/Appartement_%C3%A0_vendre_57848272.htm,Meknès,65.0,2615.38,Economique
Appartement traversant avec vue mer–Dernier étage,2300000.0,"Appartements dans Casablanca, Anfa",121 m²,2 chambres,1 sdb,https://www.avito.ma/fr/anfa/appartements/Appartement_traversant_avec_vue_mer_Dernier_%C3%A9tage_57401272.htm,Casablanca,121.0,19008.26,Luxe
À VENDRE APPARTEMENT SALON 3 CHAMBRES 70m2,735000.0,"Appartements dans Casablanca, Autre secteur",70 m²,3 chambres,2 sdbs,https://www.avito.ma/fr/autre_secteur/appartements/%C3%80_VENDRE_APPARTEMENT_SALON_3_CHAMBRES_70m2_57279776.htm,Casablanca,70.0,10500.0,Moyen
Appartement à vendre 136 m² à Casablanca,2500000.0,"Appartements dans Casablanca, Val Fleuri",136 m²,3 chambres,2 sdbs,https://www.avito.ma/fr/val_fleuri/appartements/Appartement_%C3%A0_vendre_136_m%C2%B2_%C3%A0_Casablanca_57734809.htm,Casablanca,136.0,18382.35,Luxe
Appartement 2 ch à vendre vue sur mer,2900000.0,"Appartements dans Tanger, Malabata",82 m²,2 chambres,1 sdb,https://www.avito.ma/fr/malabata/appartements/Appartement_2_ch_%C3%A0_vendre_vue_sur_mer_57080322.htm,Tanger,82.0,35365.85,Luxe
Appartement vue piscine,1200000.0,"Appartements dans Dar Bouazza, Toute la ville",,3 chambres,2 sdbs,https://www.avito.ma/fr/dar_bouazza/appartements/Appartement_vue_piscine_57663713.htm,Dar bouazza,66.0,18181.82,Moyen
Appart 97 m² à Salé en cours de construction,1165000.0,"Appartements dans Salé, Sala El Jadida",appart 97 m² à salé en cours de construction,2 chambres,2 sdbs,https://www.avito.ma/fr/sala_el_jadida/appartements/Appart_97_m%C2%B2_%C3%A0_Sal%C3%A9_en_cours_de_construction_57366786.htm,Salé,97.0,12010.31,Moyen
😍 Appartement rénové avec belle vue,390000.0,"Appartements dans Marrakech, Azzouzia",59 m²,2 chambres,1 sdb,https://www.avito.ma/fr/azzouzia/appartements/___Appartement_r%C3%A9nov%C3%A9_avec_belle_vue_57797690.htm,Marrakech,59.0,6610.17,Economique
Duplex à vendre 124 m² à Targa 11000 dhs m2,1364000.0,"Appartements dans Marrakech, Targa",duplex à vendre 124 m² à targa 11000 dhs m2,4 chambres,2 sdbs,https://www.avito.ma/fr/targa/appartements/Duplex_%C3%A0_vendre_124_m%C2%B2_%C3%A0_Targa_11000_dhs_m2_57831838.htm,Marrakech,124.0,11000.0,Moyen
A vendre un bel appartement avec terrasse,2480000.0,"Appartements dans Casablanca, Palmier",140 m²,3 chambres,2 sdbs,https://www.avito.ma/fr/palmier/appartements/A_vendre_un_bel_appartement_avec_terrasse_57373926.htm,Casablanca,140.0,17714.29,Luxe
Appartement avec terrasse😍 à vendre à Hay Azdehar,860000.0,"Appartements dans Marrakech, Hay Izdihar",69 m²,2 chambres,1 sdb,https://www.avito.ma/fr/hay_izdihar/appartements/Appartement_avec_terrasse___%C3%A0_vendre_%C3%A0_Hay_Azdehar_57574042.htm,Marrakech,69.0,12463.77,Moyen
Joli duplex 1 chambre meublé Neuf à vendre,1350000.0,"Appartements dans Marrakech, Route de Casablanca",,1 chambre,1 sdb,https://www.avito.ma/fr/route_de_casablanca/appartements/Joli_duplex_1_chambre_meubl%C3%A9_Neuf_%C3%A0_vendre_56213151.htm,Marrakech,73.0,18493.15,Moyen
Appartement Haut standing à vendre / piscine,1900000.0,"Appartements dans Marrakech, Ain Mezouar",100 m²,3 chambres,2 sdbs,https://www.avito.ma/fr/ain_mezouar/appartements/Appartement_Haut_standing_%C3%A0_vendre___piscine_57824629.htm,Marrakech,100.0,19000.0,Moyen
Appartement à vendre 2 Mars,2120000.0,"Appartements dans Casablanca, 2 Mars",188 m²,3 chambres,3 sdbs,https://www.avito.ma/fr/2_mars/appartements/Appartement_%C3%A0_vendre_2_Mars_57834260.htm,Casablanca,188.0,11276.6,Luxe
Appartement à prix raisonnable,620000.0,"Appartements dans Agadir, Ben Serguaou",60 m²,2 chambres,2 sdbs,https://www.avito.ma/fr/ben_serguaou/appartements/Appartement_%C3%A0_prix_raisonnable_57736307.htm,Agadir,60.0,10333.33,Moyen
Appart 93 m² à Salé en cours de construction,1095000.0,"Appartements dans Salé, Sala El Jadida",appart 93 m² à salé en cours de construction,3 chambres,2 sdbs,https://www.avito.ma/fr/sala_el_jadida/appartements/Appart_93_m%C2%B2_%C3%A0_Sal%C3%A9_en_cours_de_construction_57366771.htm,Salé,93.0,11774.19,Moyen
Appartement à vendre au parc mohammedia,2499999.0,"Appartements dans Mohammedia, Centre Ville",,3 chambres,2 sdbs,https://www.avito.ma/fr/centre_ville/appartements/Appartement_%C3%A0_vendre_au_parc_mohammedia_57079350.htm,Mohammedia,104.0,24038.45,Luxe
Duplex RDC 47 m² en vente - piscine Rooftop,1708000.0,"Appartements dans Marrakech, Av Abdelkrim El Khattabi",47 m²,1 chambre,2 sdbs,https://www.avito.ma/fr/av_abdelkrim_el_khattabi/appartements/Duplex_RDC_47_m%C2%B2_en_vente___piscine_Rooftop_57606328.htm,Marrakech,47.0,36340.43,Moyen
Apt Neuf 3 Chambres 1Salon roudani Maarif,1400000.0,"Appartements dans Casablanca, Maarif",70 m²,3 chambres,1 sdb,https://www.avito.ma/fr/maarif/appartements/Apt_Neuf_3_Chambres_1Salon_roudani_Maarif_57343247.htm,Casablanca,70.0,20000.0,Moyen
A vendre un joli appartement de 3 chambres,2450000.0,"Appartements dans Casablanca, Racine",132 m²,3 chambres,3 sdbs,https://www.avito.ma/fr/racine/appartements/A_vendre_un_joli_appartement_de_3_chambres_57415416.htm,Casablanca,132.0,18560.61,Luxe
Appartement titré Trialas Atlas,1600000.0,"Appartements dans Tanger, Branes 1",113 m²,3 chambres,2 sdbs,https://www.avito.ma/fr/branes_1/appartements/Appartement_titr%C3%A9_Trialas_Atlas_57843036.htm,Tanger,113.0,14159.29,Moyen
Appartement à vendre 98 m² à Marrakech,1500000.0,"Appartements dans Marrakech, Guéliz",appartement à vendre 98 m² à marrakech,2 chambres,2 sdbs,https://www.avito.ma/fr/gu%C3%A9liz/appartements/Appartement_%C3%A0_vendre_98_m%C2%B2_%C3%A0_Marrakech_57736559.htm,Marrakech,98.0,15306.12,Moyen
A VENDRE APPARTEMENTS NEUFS AVEC TITRES FONCIERS,575000.0,"Appartements dans Kénitra, Bir Rami",90 m²,3 chambres,1 sdb,https://www.avito.ma/fr/bir_rami/appartements/A_VENDRE_APPARTEMENTS_NEUFS_AVEC_TITRES_FONCIERS_57372793.htm,Kénitra,90.0,6388.89,Economique
Appartement à vendre 149 m² à Casablanca,850000.0,"Appartements dans Casablanca, Belvédère",149 m²,3 chambres,2 sdbs,https://www.avito.ma/fr/belv%C3%A9d%C3%A8re/appartements/Appartement_%C3%A0_vendre_149_m%C2%B2_%C3%A0_Casablanca_57832871.htm,Casablanca,149.0,5704.7,Moyen
Appart. 3 façades 78 m2 sidi Maarof à côté Worod,780000.0,"Appartements dans Casablanca, Sidi Maarouf",,3 chambres,1 sdb,https://www.avito.ma/fr/sidi_maarouf/appartements/Appart__3_fa%C3%A7ades_78_m2_sidi_Maarof_%C3%A0_c%C3%B4t%C3%A9_Worod_56306214.htm,Casablanca,99.5,7839.2,Moyen
TRIANGLE D’OR BEL APPT A VENDRE AVEC TERRASSE,3750000.0,"Appartements dans Casablanca, Triangle d'Or",267 m²,3 chambres,2 sdbs,https://www.avito.ma/fr/triangle_d_or/appartements/TRIANGLE_D_OR_BEL_APPT_A_VENDRE_AVEC_TERRASSE_55809049.htm,Casablanca,267.0,14044.94,Luxe
"Appartement équipé à vendre, prix négociable",140000000.0,"Appartements dans Tanger, Mesnana",100 m²,2 chambres,1 sdb,https://www.avito.ma/fr/mesnana/appartements/Appartement_%C3%A9quip%C3%A9_%C3%A0_vendre__prix_n%C3%A9gociable_57848240.htm,Tanger,100.0,1400000.0,Luxe
Duplex à vendre avec piscine proche Guéliz,1050000.0,"Appartements dans Marrakech, Mabrouka",95 m²,3 chambres,2 sdbs,https://www.avito.ma/fr/mabrouka/appartements/Duplex_%C3%A0_vendre_avec_piscine_proche_Gu%C3%A9liz_57727756.htm,Marrakech,95.0,11052.63,Moyen
Habit immobilier met en vente un joli studio,1180000.0,"Appartements dans Casablanca, Bourgogne",60 m²,1 chambre,1 sdb,https://www.avito.ma/fr/bourgogne/appartements/Habit_immobilier_met_en_vente_un_joli_studio_57406412.htm,Casablanca,60.0,19666.67,Moyen
Appartement en vente 65m² à Gueliz-Piscine Rooftop,1498000.0,"Appartements dans Marrakech, Guéliz",65 m²,1 chambre,1 sdb,https://www.avito.ma/fr/gu%C3%A9liz/appartements/Appartement_en_vente_65m%C2%B2_%C3%A0_Gueliz_Piscine_Rooftop_57658705.htm,Marrakech,65.0,23046.15,Moyen
Appartement 66 m² à Hay Nakhil Oujda,690000.0,"Appartements dans Oujda, Autre secteur",appartement 66 m² à hay nakhil oujda,3 chambres,1 sdb,https://www.avito.ma/fr/autre_secteur/appartements/Appartement_66_m%C2%B2_%C3%A0_Hay_Nakhil_Oujda_55904368.htm,Oujda,66.0,10454.55,Moyen
Appartement Marina dor 136 mètre au boulevard,1120000.0,"Appartements dans Tamesna, Toute la ville",,3 chambres,,https://www.avito.ma/fr/tamesna/appartements/Appartement_Marina_dor_136_m%C3%A8tre_au_boulevard_57549397.htm,Tamesna,,,Moyen
Studio Avec Terrasse À Vendre Sur La Rte De Casa,1200000.0,"Appartements dans Marrakech, Route de Casablanca",,1 chambre,1 sdb,https://www.avito.ma/fr/route_de_casablanca/appartements/Studio_Avec_Terrasse_%C3%80_Vendre_Sur_La_Rte_De_Casa_57156329.htm,Marrakech,73.0,16438.36,Moyen
Magnifique penthouse à vendre ou à louer à Wifac,3150000.0,"Appartements dans Temara, Wifak",230 m²,4 chambres,2 sdbs,https://www.avito.ma/fr/wifak/appartements/Magnifique_penthouse_%C3%A0_vendre_ou_%C3%A0_louer_%C3%A0_Wifac_57321110.htm,Temara,230.0,13695.65,Luxe
Appartement à vendre 37 m² à Wifak Temara,480000.0,"Appartements dans Temara, Wifak",appartement à vendre 37 m² à wifak temara,1 chambre,1 sdb,https://www.avito.ma/fr/wifak/appartements/Appartement_%C3%A0_vendre_37_m%C2%B2_%C3%A0_Wifak_Temara_57841684.htm,Temara,37.0,12972.97,Economique
Nouveau Projet Au Centre Avec Piscine,710000.0,"Appartements dans Marrakech, Route de Casablanca",,1 chambre,1 sdb,https://www.avito.ma/fr/route_de_casablanca/appartements/Nouveau_Projet_Au_Centre_Avec_Piscine_55850957.htm,Marrakech,73.0,9726.03,Moyen
Appart 118 m² Étage 3 Sidi Maarouf,1200000.0,"Appartements dans Casablanca, Sidi Maarouf",118 m²,3 chambres,2 sdbs,https://www.avito.ma/fr/sidi_maarouf/appartements/Appart_118_m%C2%B2_%C3%89tage_3_Sidi_Maarouf_57742399.htm,Casablanca,118.0,10169.49,Moyen
MAÂRIF JOLI APPARTEMENT 109 m² À VENDRE,1050000.0,"Appartements dans Casablanca, Maarif",109 m²,2 chambres,2 sdbs,https://www.avito.ma/fr/maarif/appartements/MA%C3%82RIF_JOLI_APPARTEMENT_109_m%C2%B2_%C3%80_VENDRE_57654876.htm,Casablanca,109.0,9633.03,Moyen
Appartement à vendre 75 m² à Casablanca,650000.0,"Appartements dans Casablanca, Ain Sebaa",75 m²,2 chambres,1 sdb,https://www.avito.ma/fr/ain_sebaa/appartements/Appartement_%C3%A0_vendre_75_m%C2%B2_%C3%A0_Casablanca_57634469.htm,Casablanca,75.0,8666.67,Moyen
Appartement à vendre 100 m² à Marrakech,1200000.0,"Appartements dans Marrakech, Semlalia",appartement à vendre 100 m² à marrakech,3 chambres,2 sdbs,https://www.avito.ma/fr/semlalia/appartements/Appartement_%C3%A0_vendre_100_m%C2%B2_%C3%A0_Marrakech_57604838.htm,Marrakech,100.0,12000.0,Moyen
Appartement à vendre 48m² à Gueliz - Piscine Rooftop,1077000.0,"Appartements dans Marrakech, Guéliz",49 m²,1 chambre,1 sdb,https://www.avito.ma/fr/gu%C3%A9liz/appartements/Appartement_%C3%A0_vendre_48m%C2%B2_%C3%A0_Gueliz___Piscine_Rooftop_57658624.htm,Marrakech,49.0,21979.59,Moyen
Appartement 126m² 4ème étg. terrasse à Maârif,1450000.0,"Appartements dans Casablanca, Val Fleuri",126 m²,2 chambres,2 sdbs,https://www.avito.ma/fr/val_fleuri/appartements/Appartement_126m%C2%B2_4%C3%A8me_%C3%A9tg__terrasse_%C3%A0_Ma%C3%A2rif_56872194.htm,Casablanca,126.0,11507.94,Moyen
Vente appartement à samlalia,9300000.0,"Appartements dans Marrakech, Semlalia",,2 chambres,1 sdb,https://www.avito.ma/fr/semlalia/appartements/Vente_appartement_%C3%A0_samlalia_56822535.htm,Marrakech,73.0,127397.26,Luxe
Appartements de 101 à 190 m² Riad Garden I,2410000.0,"Appartements dans Marrakech, Av Mohammed VI",appartements de 101 à 190 m² riad garden i,2 chambres,0 sdb,https://www.avito.ma/fr/av_mohammed_vi/appartements/Appartements_de_101_%C3%A0_190_m%C2%B2_Riad_Garden_I_57803026.htm,Marrakech,101.0,23861.39,Luxe
Meilleur invest Studio Neuf 62M Tram Busway Ghandi,880000.0,"Appartements dans Casablanca, Casablanca Finance City",62 m²,1 chambre,1 sdb,https://www.avito.ma/fr/casablanca_finance_city/appartements/Meilleur_invest_Studio_Neuf_62M_Tram_Busway_Ghandi_57189382.htm,Casablanca,62.0,14193.55,Moyen
Appartement à vendre à Zemmouri,900000000.0,"Appartements dans Tanger, Zemmouri",110 m²,2 chambres,2 sdbs,https://www.avito.ma/fr/zemmouri/appartements/Appartement_%C3%A0_vendre_%C3%A0_Zemmouri_57848201.htm,Tanger,110.0,8181818.18,Luxe
Appartement à vendre sur la route de Safi près de MacDo,740000.0,"Appartements dans Marrakech, Route de Safi",,2 chambres,1 sdb,https://www.avito.ma/fr/route_de_safi/appartements/Appartement_%C3%A0_vendre_sur_la_route_de_Safi_pr%C3%A8s_de_MacDo_57742205.htm,Marrakech,73.0,10136.99,Moyen
Appartement neuf avec ascenseur et parking,440000.0,"Appartements dans Casablanca, Sidi Othmane",81 m²,2 chambres,1 sdb,https://www.avito.ma/fr/sidi_othmane/appartements/Appartement_neuf_avec_ascenseur_et_parking_55310114.htm,Casablanca,81.0,5432.1,Economique
Appartement en vent 51m² à Gueliz-Piscine Rooftop,1267000.0,"Appartements dans Marrakech, Guéliz",51 m²,1 chambre,1 sdb,https://www.avito.ma/fr/gu%C3%A9liz/appartements/Appartement_en_vent_51m%C2%B2_%C3%A0_Gueliz_Piscine_Rooftop_57658657.htm,Marrakech,51.0,24843.14,Moyen
Appartement Spacieux Avec Finitions Premium,3200000.0,"Appartements dans Marrakech, Victor Hugo",,2 chambres,2 sdbs,https://www.avito.ma/fr/victor_hugo/appartements/Appartement_Spacieux_Avec_Finitions_Premium_57345068.htm,Marrakech,73.0,43835.62,Luxe
Cozy Studio Duplex Meublé À Vendre À Victor Hugo,1200000.0,"Appartements dans Marrakech, Victor Hugo",,1 chambre,2 sdbs,https://www.avito.ma/fr/victor_hugo/appartements/Cozy_Studio_Duplex_Meubl%C3%A9_%C3%80_Vendre_%C3%80_Victor_Hugo_57739902.htm,Marrakech,73.0,16438.36,Moyen
Appartement à vendre 61 m² à Marrakech,1530000.0,"Appartements dans Marrakech, Guéliz",61 m²,1 chambre,1 sdb,https://www.avito.ma/fr/gu%C3%A9liz/appartements/Appartement_%C3%A0_vendre_61_m%C2%B2_%C3%A0_Marrakech_57656693.htm,Marrakech,61.0,25081.97,Moyen
Appartement à vendre près des universités 47 m2,295000.0,"Appartements dans Tanger, Al Irfane 2",47 m²,2 chambres,1 sdb,https://www.avito.ma/fr/al_irfane_2/appartements/Appartement_%C3%A0_vendre_pr%C3%A8s_des_universit%C3%A9s_47_m2_57310789.htm,Tanger,47.0,6276.6,Economique
Studio Neuf 53m2 Balcon Clim Riviera,1060000.0,"Appartements dans Casablanca, Riviera",53 m²,1 chambre,1 sdb,https://www.avito.ma/fr/riviera/appartements/Studio_Neuf_53m2_Balcon_Clim_Riviera_55740690.htm,Casablanca,53.0,20000.0,Moyen
Appartement à vendre Résidence noria 2 chambres,2300000.0,"Appartements dans Marrakech, Autre secteur",84 m²,2 chambres,2 sdbs,https://www.avito.ma/fr/autre_secteur/appartements/Appartement_%C3%A0_vendre_R%C3%A9sidence_noria_2_chambres_57372719.htm,Marrakech,84.0,27380.95,Luxe
Projet Prestigieux avec piscine Route de Casa,669000.0,"Appartements dans Marrakech, Guéliz",1 m²,1 chambre,1 sdb,https://www.avito.ma/fr/gu%C3%A9liz/appartements/Projet_Prestigieux_avec_piscine_Route_de_Casa_54457734.htm,Marrakech,1.0,669000.0,Moyen
Appartement à vendre 117 m² à Marrakech,1800000.0,"Appartements dans Marrakech, Guéliz",appartement à vendre 117 m² à marrakech,3 chambres,3 sdbs,https://www.avito.ma/fr/gu%C3%A9liz/appartements/Appartement_%C3%A0_vendre_117_m%C2%B2_%C3%A0_Marrakech_57756948.htm,Marrakech,117.0,15384.62,Moyen
Appartement meublé à vendre à Mohammedia,840000.0,"Appartements dans Mohammedia, Autre secteur",,2 chambres,1 sdb,https://www.avito.ma/fr/autre_secteur/appartements/Appartement_meubl%C3%A9_%C3%A0_vendre_%C3%A0_Mohammedia_57593402.htm,Mohammedia,104.0,8076.92,Moyen
Appartement à vendre à Temara,1200000.0,"Appartements dans Rabat, Autre secteur",107 m²,3 chambres,2 sdbs,https://www.avito.ma/fr/autre_secteur/appartements/Appartement_%C3%A0_vendre_%C3%A0_Temara_57812272.htm,Rabat,107.0,11214.95,Moyen
appartement meublé à vendre,1100000.0,"Appartements dans Kénitra, Mimosas",110 m²,3 chambres,2 sdbs,https://www.avito.ma/fr/mimosas/appartements/appartement_meubl%C3%A9_%C3%A0_vendre_57763197.htm,Kénitra,110.0,10000.0,Moyen
Appartement à vendre à Temara,960000.0,"Appartements dans Temara, Autre secteur",128 m²,3 chambres,1 sdb,https://www.avito.ma/fr/autre_secteur/appartements/Appartement_%C3%A0_vendre_%C3%A0_Temara_45494983.htm,Temara,128.0,7500.0,Moyen
LA PERLA BLANCA -E-8 25/56952,1150000.0,"Appartements dans Benslimane, Autre secteur",114 m²,3 chambres,2 sdbs,https://www.avito.ma/fr/autre_secteur/appartements/LA_PERLA_BLANCA__E_8_25_56952_57813601.htm,Benslimane,114.0,10087.72,Moyen
Appartement à vendre 60 m² à Marrakech,1320000.0,"Appartements dans Marrakech, Guéliz",60 m²,2 chambres,1 sdb,https://www.avito.ma/fr/gu%C3%A9liz/appartements/Appartement_%C3%A0_vendre_60_m%C2%B2_%C3%A0_Marrakech_57658682.htm,Marrakech,60.0,22000.0,Moyen
Appartement à vendre 64 m² à Casablanca,680000.0,"Appartements dans Casablanca, Aïn Chock",64 m²,2 chambres,1 sdb,https://www.avito.ma/fr/a%C3%AFn_chock/appartements/Appartement_%C3%A0_vendre_64_m%C2%B2_%C3%A0_Casablanca_57848079.htm,Casablanca,64.0,10625.0,Moyen
Appartement à vendre,570000.0,"Appartements dans Mohammedia, Hay Al Falah",,2 chambres,1 sdb,https://www.avito.ma/fr/hay_al_falah/appartements/Appartement_%C3%A0_vendre_57796998.htm,Mohammedia,104.0,5480.77,Economique
Luxueux studio en vente a Gueliz pour AIRBNB,1526500.0,"Appartements dans Marrakech, Av Abdelkrim El Khattabi",61 m²,1 chambre,1 sdb,https://www.avito.ma/fr/av_abdelkrim_el_khattabi/appartements/Luxueux_studio_en_vente_a_Gueliz_pour_AIRBNB_57606267.htm,Marrakech,61.0,25024.59,Moyen
CMN-SI-1877 - Appartement à vendre à Bourgogne Est,1050000.0,"Appartements dans Casablanca, Bourgogne",76 m²,2 chambres,1 sdb,https://www.avito.ma/fr/bourgogne/appartements/CMN_SI_1877___Appartement_%C3%A0_vendre_%C3%A0_Bourgogne_Est_57328148.htm,Casablanca,76.0,13815.79,Moyen
Appartement d’exception front mer- Tamaris Premium,2000000.0,"Appartements dans Tamaris, Toute la ville",117 m²,2 chambres,1 sdb,https://www.avito.ma/fr/tamaris/appartements/Appartement_d_exception_front_mer__Tamaris_Premium_57728469.htm,Tamaris,117.0,17094.02,Moyen
Appartement neuf à vendre au Qu. des hôpitaux,1360000.0,"Appartements dans Casablanca, Quartier des Hôpitaux",,2 chambres,2 sdbs,https://www.avito.ma/fr/quartier_des_h%C3%B4pitaux/appartements/Appartement_neuf_%C3%A0_vendre_au_Qu__des_h%C3%B4pitaux_57742341.htm,Casablanca,99.5,13668.34,Moyen
Studios neufs à vendre,1250000.0,"Appartements dans Casablanca, Palmier",53 m²,1 chambre,1 sdb,https://www.avito.ma/fr/palmier/appartements/Studios_neufs_%C3%A0_vendre_57668195.htm,Casablanca,53.0,23584.91,Moyen
🏠 L’EXCEPTION URBAINE Duplex 66 m² à Guéliz,1518000.0,"Appartements dans Marrakech, Guéliz",65 m²,1 chambre,1 sdb,https://www.avito.ma/fr/gu%C3%A9liz/appartements/___L_EXCEPTION_URBAINE_Duplex_66_m%C2%B2_%C3%A0_Gu%C3%A9liz_57674996.htm,Marrakech,65.0,23353.85,Moyen
Duplex moderne à vendre – 2 chambres Victor Hugo,1600000.0,"Appartements dans Marrakech, Victor Hugo",,2 chambres,1 sdb,https://www.avito.ma/fr/victor_hugo/appartements/Duplex_moderne_%C3%A0_vendre___2_chambres__Victor_Hugo_57447780.htm,Marrakech,73.0,21917.81,Moyen
Appartement rénové à vendre,1450000.0,"Appartements dans Rabat, Diour Jamaa",,2 chambres,1 sdb,https://www.avito.ma/fr/diour_jamaa/appartements/Appartement_r%C3%A9nov%C3%A9_%C3%A0_vendre_57848048.htm,Rabat,140.5,10320.28,Moyen
Appartement à vendre 78 m² à Marrakech,1800000.0,"Appartements dans Marrakech, Agdal",118 m²,2 chambres,2 sdbs,https://www.avito.ma/fr/agdal/appartements/Appartement_%C3%A0_vendre_78_m%C2%B2_%C3%A0_Marrakech_56438709.htm,Marrakech,118.0,15254.24,Moyen
Appart lux 188m2 de 3ch 3sb à Gueliz,3100000.0,"Appartements dans Marrakech, Guéliz",,2 chambres,3 sdbs,https://www.avito.ma/fr/gu%C3%A9liz/appartements/Appart_lux_188m2_de_3ch_3sb_%C3%A0_Gueliz_56902202.htm,Marrakech,73.0,42465.75,Luxe
Appartements à vendre,3000000.0,"Appartements dans Agadir, Haut-Founty",187 m²,3 chambres,3 sdbs,https://www.avito.ma/fr/haut_founty/appartements/Appartements_%C3%A0_vendre_57157671.htm,Agadir,187.0,16042.78,Luxe
Appartement à vendre 40 m² à Wifaq,490000.0,"Appartements dans Temara, Wifak",40 m²,1 chambre,1 sdb,https://www.avito.ma/fr/wifak/appartements/Appartement_%C3%A0_vendre_40_m%C2%B2_%C3%A0_Wifaq_57803067.htm,Temara,40.0,12250.0,Economique
Appartement à vendre 69 m² à Casablanca,440000.0,"Appartements dans Casablanca, Aïn Borja",69 m²,3 chambres,1 sdb,https://www.avito.ma/fr/a%C3%AFn_borja/appartements/Appartement_%C3%A0_vendre_69_m%C2%B2_%C3%A0_Casablanca_38635452.htm,Casablanca,69.0,6376.81,Economique
Appartement à vendre 60 m² centre ville souk mlilia,330000.0,"Appartements dans Oujda, Centre Ville",60 m²,2 chambres,1 sdb,https://www.avito.ma/fr/centre_ville/appartements/Appartement_%C3%A0_vendre_60_m%C2%B2_centre_ville_souk_mlilia_56130464.htm,Oujda,60.0,5500.0,Economique
Appart 78m2 avec terrasse en haut près Atacadao,750000.0,"Appartements dans Marrakech, Route de Fès",,2 chambres,1 sdb,https://www.avito.ma/fr/route_de_f%C3%A8s/appartements/Appart_78m2_avec_terrasse_en_haut_pr%C3%A8s_Atacadao_57427077.htm,Marrakech,73.0,10273.97,Moyen
Appart 101m² piscine près Semlalia Majorel Gueliz,2200000.0,"Appartements dans Marrakech, Semlalia",101 m²,2 chambres,2 sdbs,https://www.avito.ma/fr/semlalia/appartements/Appart_101m%C2%B2_piscine_pr%C3%A8s_Semlalia_Majorel_Gueliz_57780457.htm,Marrakech,101.0,21782.18,Luxe
CMN-MA-2470 - Appartement à vendre à Les Hôpitaux,1450000.0,"Appartements dans Casablanca, Quartier des Hôpitaux",117 m²,3 chambres,1 sdb,https://www.avito.ma/fr/quartier_des_h%C3%B4pitaux/appartements/CMN_MA_2470___Appartement_%C3%A0_vendre_%C3%A0_Les_H%C3%B4pitaux_57340348.htm,Casablanca,117.0,12393.16,Moyen
Appartements neufs à vendre,770500.0,"Appartements dans Dcheira, Toute la ville",67 m²,2 chambres,1 sdb,https://www.avito.ma/fr/dcheira/appartements/Appartements_neufs_%C3%A0_vendre_57591389.htm,Dcheira,67.0,11500.0,Moyen
Appart 76m2 près Mc Do et Marjane allal fassi,980000.0,"Appartements dans Marrakech, Allal El Fassi",,2 chambres,1 sdb,https://www.avito.ma/fr/allal_el_fassi/appartements/Appart_76m2_pr%C3%A8s_Mc_Do_et_Marjane_allal_fassi_55820537.htm,Marrakech,73.0,13424.66,Moyen
Des appartements à vendre,420000.0,"Appartements dans Agadir, Autre secteur",58 m²,2 chambres,2 sdbs,https://www.avito.ma/fr/autre_secteur/appartements/Des_appartements_%C3%A0_vendre_53850953.htm,Agadir,58.0,7241.38,Economique
appartements à vendre,1600000.0,"Appartements dans Agadir, Hay Mohammadi",128 m²,3 chambres,2 sdbs,https://www.avito.ma/fr/hay_mohammadi/appartements/appartements_%C3%A0_vendre_56940744.htm,Agadir,128.0,12500.0,Moyen
Appartements à vendre,1157000.0,"Appartements dans Agadir, Tilila",89 m²,2 chambres,1 sdb,https://www.avito.ma/fr/tilila/appartements/Appartements_%C3%A0_vendre_57740727.htm,Agadir,89.0,13000.0,Moyen
"Appartement rénové proche gare, plage et zoo",600000.0,"Appartements dans Casablanca, Ain Sebaa",67 m²,2 chambres,1 sdb,https://www.avito.ma/fr/ain_sebaa/appartements/Appartement_r%C3%A9nov%C3%A9_proche_gare__plage_et_zoo_57778622.htm,Casablanca,67.0,8955.22,Moyen
Studio à vendre,1083000.0,"Appartements dans Agadir, Haut-Founty",57 m²,1 chambre,1 sdb,https://www.avito.ma/fr/haut_founty/appartements/Studio_%C3%A0_vendre_57803904.htm,Agadir,57.0,19000.0,Moyen
Appartement 150 m2 Haut Standing Quartier Hôpitaux,1600000.0,"Appartements dans Casablanca, Californie",,3 chambres,2 sdbs,https://www.avito.ma/fr/californie/appartements/Appartement_150_m2_Haut_Standing_Quartier_H%C3%B4pitaux_56257640.htm,Casablanca,99.5,16080.4,Moyen
Appartements à vendre,1400000.0,"Appartements dans Agadir, Haut-Founty",70 m²,2 chambres,2 sdbs,https://www.avito.ma/fr/haut_founty/appartements/Appartements_%C3%A0_vendre_57803975.htm,Agadir,70.0,20000.0,Moyen
VENTE DIRECTE SUPERBES APPARTEMENTS,860000.0,"Appartements dans Casablanca, Hay Hassani",78 m²,2 chambres,2 sdbs,https://www.avito.ma/fr/hay_hassani/appartements/VENTE_DIRECTE_SUPERBES_APPARTEMENTS_57279893.htm,Casablanca,78.0,11025.64,Moyen
appartement à vendre,1200000.0,"Appartements dans Tanger, Aida",97 m²,3 chambres,2 sdbs,https://www.avito.ma/fr/aida/appartements/appartement_%C3%A0_vendre_57758453.htm,Tanger,97.0,12371.13,Moyen
Appartement à vendre rue Royal Army,1500000.0,"Appartements dans Tétouan, Centre ville",150 m²,3 chambres,2 sdbs,https://www.avito.ma/fr/centre_ville/appartements/Appartement_%C3%A0_vendre_rue_Royal_Army_55897749.htm,Tétouan,150.0,10000.0,Moyen
Résidence Galia Boulevard Hassan II Mohammedia,1700000.0,"Appartements dans Mohammedia, Centre Ville",125 m²,3 chambres,2 sdbs,https://www.avito.ma/fr/centre_ville/appartements/R%C3%A9sidence_Galia_Boulevard_Hassan_II_Mohammedia_55973170.htm,Mohammedia,125.0,13600.0,Moyen
Appartement meublé à vendre azzouzia bon état,550000.0,"Appartements dans Marrakech, Azzouzia",,2 chambres,1 sdb,https://www.avito.ma/fr/azzouzia/appartements/Appartement_meubl%C3%A9_%C3%A0_vendre_azzouzia_bon_%C3%A9tat_57530728.htm,Marrakech,73.0,7534.25,Economique
Studio à vendre avec piscine,580000.0,"Appartements dans Marrakech, Palmeraie",48 m²,1 chambre,1 sdb,https://www.avito.ma/fr/palmeraie/appartements/Studio_%C3%A0_vendre_avec_piscine_57468855.htm,Marrakech,48.0,12083.33,Economique
Bel appartement à Harhoura,1680000.0,"Appartements dans Temara, Harhoura",85 m²,2 chambres,2 sdbs,https://www.avito.ma/fr/harhoura/appartements/Bel_appartement_%C3%A0_Harhoura_57848031.htm,Temara,85.0,19764.71,Moyen
Appartements à vendre,2800000.0,"Appartements dans Agadir, Haut-Founty",150 m²,3 chambres,3 sdbs,https://www.avito.ma/fr/haut_founty/appartements/Appartements_%C3%A0_vendre_57804087.htm,Agadir,150.0,18666.67,Luxe
Appartement à vendre 104m² Amanar à Agadir,1456000.0,"Appartements dans Agadir, Centre Ville",104 m²,3 chambres,1 sdb,https://www.avito.ma/fr/centre_ville/appartements/Appartement_%C3%A0_vendre_104m%C2%B2_Amanar_%C3%A0_Agadir_56449553.htm,Agadir,104.0,14000.0,Moyen
Appartements à vendre,870000.0,"Appartements dans Agadir, Hay Mohammadi",66 m²,2 chambres,2 sdbs,https://www.avito.ma/fr/hay_mohammadi/appartements/Appartements_%C3%A0_vendre_56596790.htm,Agadir,66.0,13181.82,Moyen
Appartement haut standing 138 m2 Al Maz,1650000.0,"Appartements dans Casablanca, Almaz",,4 chambres,3 sdbs,https://www.avito.ma/fr/almaz/appartements/Appartement_haut_standing_138_m2_Al_Maz_57600486.htm,Casablanca,99.5,16582.91,Moyen
"Appartement ""Soumi Vini"" dans un quartier chic près de la mosquée et sans intérêt",380000.0,"Appartements dans Benslimane, Autre secteur",126 m²,3 chambres,1 sdb,https://www.avito.ma/fr/autre_secteur/appartements/Appartement__Soumi_Vini__dans_un_quartier_chic_pr%C3%A8s_de_la_mosqu%C3%A9e_et_sans_int%C3%A9r%C3%AAt_57737989.htm,Benslimane,126.0,3015.87,Economique
Appartement 95m2 vendables -Palmier,1750000.0,"Appartements dans Casablanca, Palmier",95 m²,2 chambres,2 sdbs,https://www.avito.ma/fr/palmier/appartements/Appartement_95m2_vendables__Palmier_57820947.htm,Casablanca,95.0,18421.05,Moyen
Studio à vendre 58 m² et 69m à 5 min de CFC,750000.0,"Appartements dans Casablanca, Casablanca Finance City",57 m²,1 chambre,0 sdb,https://www.avito.ma/fr/casablanca_finance_city/appartements/Studio_%C3%A0_vendre_58_m%C2%B2_et_69m_%C3%A0_5_min_de_CFC_57731732.htm,Casablanca,57.0,13157.89,Moyen
Grand Appartement Mhamid Avenue Nakhil,820000.0,"Appartements dans Marrakech, M'Hamid",126 m²,2 chambres,2 sdbs,https://www.avito.ma/fr/m_hamid/appartements/Grand_Appartement_Mhamid_Avenue_Nakhil_57161563.htm,Marrakech,126.0,6507.94,Moyen
Appartements à vendre,980000.0,"Appartements dans Agadir, Hay Mohammadi",75 m²,2 chambres,2 sdbs,https://www.avito.ma/fr/hay_mohammadi/appartements/Appartements_%C3%A0_vendre_56596742.htm,Agadir,75.0,13066.67,Moyen
Appart.H.ST 87m2 Hay.chrifa près Bd qods,1000000.0,"Appartements dans Casablanca, Hay Chrifa",,3 chambres,2 sdbs,https://www.avito.ma/fr/hay_chrifa/appartements/Appart_H_ST_87m2_Hay_chrifa_pr%C3%A8s_Bd_qods_56164330.htm,Casablanca,99.5,10050.25,Moyen
Appartement à vendre,650000.0,"Appartements dans Agadir, Tilila",67 m²,2 chambres,2 sdbs,https://www.avito.ma/fr/tilila/appartements/Appartement_%C3%A0_vendre_54361310.htm,Agadir,67.0,9701.49,Moyen
Appartement vue mer Anza Miftah Sahil meublé,1200000.0,"Appartements dans Agadir, Anza",60 m²,1 chambre,1 sdb,https://www.avito.ma/fr/anza/appartements/Appartement_vue_mer_Anza_Miftah_Sahil_meubl%C3%A9_57729148.htm,Agadir,60.0,20000.0,Moyen
Appartement avec jacuzzi à vendre à Prestigia,2300000.0,"Appartements dans Marrakech, Autre secteur",,2 chambres,2 sdbs,https://www.avito.ma/fr/autre_secteur/appartements/Appartement_avec_jacuzzi_%C3%A0_vendre_%C3%A0_Prestigia_57660982.htm,Marrakech,73.0,31506.85,Luxe
Appartement à vendre 155m² à Agdal,3400000.0,"Appartements dans Rabat, Agdal",appartement à vendre 155m² à agdal,3 chambres,2 sdbs,https://www.avito.ma/fr/agdal/appartements/Appartement_%C3%A0_vendre_155m%C2%B2_%C3%A0_Agdal_50898518.htm,Rabat,155.0,21935.48,Luxe
Appartement à vendre 73m² La Perle Bleue à Dakhla,581625.0,"Appartements dans Dakhla, Toute la ville",73 m²,3 chambres,1 sdb,https://www.avito.ma/fr/dakhla/appartements/Appartement_%C3%A0_vendre_73m%C2%B2_La_Perle_Bleue_%C3%A0_Dakhla_56420853.htm,Dakhla,73.0,7967.47,Economique
Appartement à vendre 123 m² à Casablanca,1780000.0,"Appartements dans Casablanca, Abdelmoumen",123 m²,3 chambres,2 sdbs,https://www.avito.ma/fr/abdelmoumen/appartements/Appartement_%C3%A0_vendre_123_m%C2%B2_%C3%A0_Casablanca_55242385.htm,Casablanca,123.0,14471.54,Moyen
Appartements à vendre,1220000.0,"Appartements dans Agadir, Hay Mohammadi",107 m²,3 chambres,2 sdbs,https://www.avito.ma/fr/hay_mohammadi/appartements/Appartements_%C3%A0_vendre_57272868.htm,Agadir,107.0,11401.87,Moyen
CMN-SI-1879 - Appartement à vendre à Ziraoui,3480000.0,"Appartements dans Casablanca, Bourgogne",260 m²,3 chambres,2 sdbs,https://www.avito.ma/fr/bourgogne/appartements/CMN_SI_1879___Appartement_%C3%A0_vendre_%C3%A0_Ziraoui_57331613.htm,Casablanca,260.0,13384.62,Luxe
"Appartement à vendre au quatrième étage, excellent emplacement",395000.0,"Appartements dans Bouznika, Autre secteur",56 m²,2 chambres,1 sdb,https://www.avito.ma/fr/autre_secteur/appartements/Appartement_%C3%A0_vendre_au_quatri%C3%A8me_%C3%A9tage__excellent_emplacement_57210053.htm,Bouznika,56.0,7053.57,Economique
"Appartement enregistré à vendre à Tetouan, quartier Al Hamama",630000.0,"Appartements dans Tétouan, Centre ville",76 m²,2 chambres,1 sdb,https://www.avito.ma/fr/centre_ville/appartements/Appartement_enregistr%C3%A9_%C3%A0_vendre_%C3%A0_Tetouan__quartier_Al_Hamama_57847991.htm,Tétouan,76.0,8289.47,Moyen
Appartement à vendre 165 m² à Casablanca,3500000.0,"Appartements dans Casablanca, Racine",176 m²,3 chambres,3 sdbs,https://www.avito.ma/fr/racine/appartements/Appartement_%C3%A0_vendre_165_m%C2%B2_%C3%A0_Casablanca_57627551.htm,Casablanca,176.0,19886.36,Luxe
Appartement à vendre105m²Les Jardins de la Coupole,1369592.0,"Appartements dans Agadir, Av Mokawama",105 m²,4 chambres,1 sdb,https://www.avito.ma/fr/av_mokawama/appartements/Appartement_%C3%A0_vendre105m%C2%B2Les_Jardins_de_la_Coupole_56420860.htm,Agadir,105.0,13043.73,Moyen
Appartement Massira 1 Ahbass 4ème étage,780000.0,"Appartements dans Marrakech, Massira 1",113 m²,2 chambres,1 sdb,https://www.avito.ma/fr/massira_1/appartements/Appartement_Massira_1_Ahbass_4%C3%A8me_%C3%A9tage_57648339.htm,Marrakech,113.0,6902.65,Moyen
Appartement à vendre 95 m² à Marrakech,1350000.0,"Appartements dans Marrakech, Route de Safi",95 m²,2 chambres,1 sdb,https://www.avito.ma/fr/route_de_safi/appartements/Appartement_%C3%A0_vendre_95_m%C2%B2_%C3%A0_Marrakech_57746811.htm,Marrakech,95.0,14210.53,Moyen
Appartement Ensoleillé à vendre 50 m² à Tamensourt,295000.0,"Appartements dans Tamensourt, Toute la ville",50 m²,1 chambre,1 sdb,https://www.avito.ma/fr/tamensourt/appartements/Appartement_Ensoleill%C3%A9_%C3%A0_vendre_50_m%C2%B2_%C3%A0_Tamensourt_57744621.htm,Tamensourt,50.0,5900.0,Economique
Appartement 140m² à Vendre -Quartier Administratif,1700000.0,"Appartements dans Tanger, Administratif",appartement 140m² à vendre -quartier administratif,3 chambres,1 sdb,https://www.avito.ma/fr/administratif/appartements/Appartement_140m%C2%B2_%C3%A0_Vendre__Quartier_Administratif_57569778.htm,Tanger,140.0,12142.86,Moyen
Appartement à vendre 95 m² à Marrakech palmeraie,1500000.0,"Appartements dans Marrakech, Palmeraie",95 m²,2 chambres,2 sdbs,https://www.avito.ma/fr/palmeraie/appartements/Appartement_%C3%A0_vendre_95_m%C2%B2_%C3%A0_Marrakech_palmeraie_57216492.htm,Marrakech,95.0,15789.47,Moyen
CMN-MA-1866 - Appartement à vendre à Les princesses,1330000.0,"Appartements dans Casablanca, Les Princesses",106 m²,2 chambres,1 sdb,https://www.avito.ma/fr/les_princesses/appartements/CMN_MA_1866___Appartement_%C3%A0_vendre_%C3%A0_Les_princesses_55872150.htm,Casablanca,106.0,12547.17,Moyen
Appartement de 110 m² à vendre à Castilla – Tanger,1150000.0,"Appartements dans Tanger, Castilla",appartement de 110 m² à vendre à castilla – tanger,2 chambres,1 sdb,https://www.avito.ma/fr/castilla/appartements/Appartement_de_110_m%C2%B2_%C3%A0_vendre_%C3%A0_Castilla___Tanger_57671885.htm,Tanger,110.0,10454.55,Moyen
Appartement à vendre 136 m² à Marrakech,1500000.0,"Appartements dans Marrakech, Victor Hugo",appartement à vendre 136 m² à marrakech,3 chambres,2 sdbs,https://www.avito.ma/fr/victor_hugo/appartements/Appartement_%C3%A0_vendre_136_m%C2%B2_%C3%A0_Marrakech_57568134.htm,Marrakech,136.0,11029.41,Moyen
Appartement 3 chambres à Oued Aliane - 2 façades,900000.0,"Appartements dans Ksar es-Seghir, Toute la ville",,3 chambres,1 sdb,https://www.avito.ma/fr/ksar_es_seghir/appartements/Appartement_3_chambres_%C3%A0_Oued_Aliane___2_fa%C3%A7ades_57545962.htm,Ksar es-seghir,,,Moyen
Superbe studio 56 m² à saisir à Marrakech,1064000.0,"Appartements dans Marrakech, Guéliz",56 m²,1 chambre,1 sdb,https://www.avito.ma/fr/gu%C3%A9liz/appartements/Superbe_studio_56_m%C2%B2_%C3%A0_saisir_%C3%A0_Marrakech_57765868.htm,Marrakech,56.0,19000.0,Moyen
"Qui la veut, bienvenue, prix fixe",140000.0,"Appartements dans Dakhla, Toute la ville",,,,https://www.avito.ma/fr/dakhla/appartements/Qui_la_veut__bienvenue__prix_fixe_57847889.htm,Dakhla,95.5,1465.97,Economique
Appartement à vendre 76 m² à Marrakech,1500000.0,"Appartements dans Marrakech, Victor Hugo",76 m²,2 chambres,2 sdbs,https://www.avito.ma/fr/victor_hugo/appartements/Appartement_%C3%A0_vendre_76_m%C2%B2_%C3%A0_Marrakech_57647629.htm,Marrakech,76.0,19736.84,Moyen
Appartement à vendre 97 m² à Fès,850000.0,"Appartements dans Fès, Agdal",97 m²,3 chambres,2 sdbs,https://www.avito.ma/fr/agdal/appartements/Appartement_%C3%A0_vendre_97_m%C2%B2_%C3%A0_F%C3%A8s_57847867.htm,Fès,97.0,8762.89,Moyen
Appartement neuf et moderne sur la corniche,1700000.0,"Appartements dans Tanger, Malabata",100 m²,2 chambres,2 sdbs,https://www.avito.ma/fr/malabata/appartements/Appartement_neuf_et_moderne_sur_la_corniche_57703995.htm,Tanger,100.0,17000.0,Moyen
"Appartement 80 m², 3 chambres, ascenseur, syndic, à 5 minutes de Malabata",750000.0,"Appartements dans Tanger, Tanja Balia",80 m²,3 chambres,1 sdb,https://www.avito.ma/fr/tanja_balia/appartements/Appartement_80_m%C2%B2__3_chambres__ascenseur__syndic__%C3%A0_5_minutes_de_Malabata_57847870.htm,Tanger,80.0,9375.0,Moyen
"Appartement meublé 76 m2, ascenseur, syndic, sur rue",798000.0,"Appartements dans Tanger, Tanja Balia",76 m²,2 chambres,1 sdb,https://www.avito.ma/fr/tanja_balia/appartements/Appartement_meubl%C3%A9_76_m2__ascenseur__syndic__sur_rue_57847871.htm,Tanger,76.0,10500.0,Moyen
Appartement à vendre 111 m² à Tanger,1800000.0,"Appartements dans Tanger, Tanja Balia",111 m²,3 chambres,2 sdbs,https://www.avito.ma/fr/tanja_balia/appartements/Appartement_%C3%A0_vendre_111_m%C2%B2_%C3%A0_Tanger_57847874.htm,Tanger,111.0,16216.22,Moyen
"Appartement 3 pièces, ascenseur, syndic, 5 minutes de Malabata, 80 m²",750000.0,"Appartements dans Tanger, Tanja Balia",80 m²,3 chambres,1 sdb,https://www.avito.ma/fr/tanja_balia/appartements/Appartement_3_pi%C3%A8ces__ascenseur__syndic__5_minutes_de_Malabata__80_m%C2%B2_57847875.htm,Tanger,80.0,9375.0,Moyen
