title,price,location,surface,rooms,baths,link
appartement avec grande terrasse parking titré,1500000,"Appartements dans Marrakech, Guéliz",90 m²,1 chambre,1 sdb,https://www.avito.ma/fr/gu%C3%A9liz/appartements/appartement_avec_grande_terrasse_parking_titr%C3%A9_57825918.htm
A vendre Appartement 65 m² à Ouislane Meknes,280000,"Appartements dans Ouislane, Toute la ville",73 m²,2 chambres,1 sdb,https://www.avito.ma/fr/ouislane/appartements/A_vendre_Appartement_65_m%C2%B2_%C3%A0_Ouislane_Meknes_57807048.htm
Appartement à vendre 115 m² à Temara,1690000,"Appartements dans Temara, Oued Eddahab",115 m²,3 chambres,1 sdb,https://www.avito.ma/fr/oued_eddahab/appartements/Appartement_%C3%A0_vendre_115_m%C2%B2_%C3%A0_Temara_57774592.htm
Dernières opportunités au Riad Garden I à l'Agdal,2410000,"Appartements dans Marrakech, Av Mohammed VI",,2 chambres,0 sdb,https://www.avito.ma/fr/av_mohammed_vi/appartements/Derni%C3%A8res_opportunit%C3%A9s_au_Riad_Garden_I_%C3%A0_l_Agdal_57803026.htm
Appartement 126m² 4ème étg. terrasse à Maârif,1450000,"Appartements dans Casablanca, Val Fleuri",126 m²,2 chambres,2 sdbs,https://www.avito.ma/fr/val_fleuri/appartements/Appartement_126m%C2%B2_4%C3%A8me_%C3%A9tg__terrasse_%C3%A0_Ma%C3%A2rif_56872194.htm
Appartement à vendre 100 m² à Marrakech,1200000,"Appartements dans Marrakech, Semlalia",appartement à vendre 100 m² à marrakech,3 chambres,2 sdbs,https://www.avito.ma/fr/semlalia/appartements/Appartement_%C3%A0_vendre_100_m%C2%B2_%C3%A0_Marrakech_57604838.htm
Appartement à vendre 48m² à Gueliz - Piscine Rooftop,1077000,"Appartements dans Marrakech, Guéliz",49 m²,1 chambre,1 sdb,https://www.avito.ma/fr/gu%C3%A9liz/appartements/Appartement_%C3%A0_vendre_48m%C2%B2_%C3%A0_Gueliz___Piscine_Rooftop_57658624.htm
Meilleur invest Studio Neuf 62M Tram Busway Ghandi,880000,"Appartements dans Casablanca, Casablanca Finance City",62 m²,1 chambre,1 sdb,https://www.avito.ma/fr/casablanca_finance_city/appartements/Meilleur_invest_Studio_Neuf_62M_Tram_Busway_Ghandi_57189382.htm
Appartement Confortable à Yassmine Bouskoura,,"Appartements dans Bouskoura, Bouskoura centre",51 m²,2 chambres,2 sdbs,https://www.avito.ma/fr/bouskoura_centre/appartements/Appartement_Confortable_%C3%A0_Yassmine_Bouskoura_57606525.htm
Appartement à vendre 96 m² à Salé,590000,"Appartements dans Salé, Bab Sebta",96 m²,2 chambres,1 sdb,https://www.avito.ma/fr/bab_sebta/appartements/Appartement_%C3%A0_vendre_96_m%C2%B2_%C3%A0_Sal%C3%A9_57871004.htm
Appartement à Assilah,450000,"Appartements dans Asilah, Toute la ville",,2 chambres,2 sdbs,https://www.avito.ma/fr/asilah/appartements/Appartement_%C3%A0_Assilah_51739569.htm
Appartement en vent 51m² à Gueliz-Piscine Rooftop,1267000,"Appartements dans Marrakech, Guéliz",51 m²,1 chambre,1 sdb,https://www.avito.ma/fr/gu%C3%A9liz/appartements/Appartement_en_vent_51m%C2%B2_%C3%A0_Gueliz_Piscine_Rooftop_57658657.htm
Appartement à vendre à Cabo Negro ( La Cassia ),,"Appartements dans Cabo Negro, Toute la ville",97 m²,2 chambres,2 sdbs,https://www.avito.ma/fr/cabo_negro/appartements/Appartement_%C3%A0_vendre_%C3%A0_Cabo_Negro___La_Cassia___57870979.htm
Appartement neuf avec ascenseur et parking,440000,"Appartements dans Casablanca, Sidi Othmane",81 m²,2 chambres,1 sdb,https://www.avito.ma/fr/sidi_othmane/appartements/Appartement_neuf_avec_ascenseur_et_parking_55310114.htm
PALMIER JOLI STUDIO NEUF AVEC TERRASSE À VENDRE,1235000,"Appartements dans Casablanca, Palmier",54 m²,1 chambre,1 sdb,https://www.avito.ma/fr/palmier/appartements/PALMIER_JOLI_STUDIO_NEUF_AVEC_TERRASSE_%C3%80_VENDRE_57392471.htm
Appartement Spacieux Avec Finitions Premium,3200000,"Appartements dans Marrakech, Victor Hugo",,2 chambres,2 sdbs,https://www.avito.ma/fr/victor_hugo/appartements/Appartement_Spacieux_Avec_Finitions_Premium_57345068.htm
Cozy Studio Duplex Meublé À Vendre À Victor Hugo,1200000,"Appartements dans Marrakech, Victor Hugo",,1 chambre,2 sdbs,https://www.avito.ma/fr/victor_hugo/appartements/Cozy_Studio_Duplex_Meubl%C3%A9_%C3%80_Vendre_%C3%80_Victor_Hugo_57739902.htm
Appartement à vendre près des universités 47 m2,295000,"Appartements dans Tanger, Al Irfane 2",47 m²,2 chambres,1 sdb,https://www.avito.ma/fr/al_irfane_2/appartements/Appartement_%C3%A0_vendre_pr%C3%A8s_des_universit%C3%A9s_47_m2_57310789.htm
Appartement à vendre Résidence noria 2 chambres,2300000,"Appartements dans Marrakech, Autre secteur",84 m²,2 chambres,2 sdbs,https://www.avito.ma/fr/autre_secteur/appartements/Appartement_%C3%A0_vendre_R%C3%A9sidence_noria_2_chambres_57372719.htm
Bel appartement.,530000,"Appartements dans El Hajeb, Toute la ville",80 m²,2 chambres,1 sdb,https://www.avito.ma/fr/el_hajeb/appartements/Bel_appartement__57870940.htm
Bel appartement,450000,"Appartements dans El Hajeb, Toute la ville",80 m²,2 chambres,1 sdb,https://www.avito.ma/fr/el_hajeb/appartements/Bel_appartement_57870942.htm
Appartement terrasse indépendante,700000,"Appartements dans El Jadida, Saada",97 m²,1 chambre,1 sdb,https://www.avito.ma/fr/saada/appartements/Appartement_terrasse_ind%C3%A9pendante_57870943.htm
Projet Prestigieux avec piscine Route de Casa,669000,"Appartements dans Marrakech, Guéliz",1 m²,1 chambre,1 sdb,https://www.avito.ma/fr/gu%C3%A9liz/appartements/Projet_Prestigieux_avec_piscine_Route_de_Casa_54457734.htm
Appartement à vendre vue sur mer à Tanger,3500000,"Appartements dans Tanger, Malabata",120 m²,3 chambres,2 sdbs,https://www.avito.ma/fr/malabata/appartements/Appartement_%C3%A0_vendre_vue_sur_mer_%C3%A0_Tanger_57854842.htm
Luxueux studio en vente a Gueliz pour AIRBNB,1526500,"Appartements dans Marrakech, Av Abdelkrim El Khattabi",61 m²,1 chambre,1 sdb,https://www.avito.ma/fr/av_abdelkrim_el_khattabi/appartements/Luxueux_studio_en_vente_a_Gueliz_pour_AIRBNB_57606267.htm
Appartement meublé à vendre à Mohammedia,840000,"Appartements dans Mohammedia, Autre secteur",,2 chambres,1 sdb,https://www.avito.ma/fr/autre_secteur/appartements/Appartement_meubl%C3%A9_%C3%A0_vendre_%C3%A0_Mohammedia_57593402.htm
Appartement à vendre 117 m² à Marrakech,1800000,"Appartements dans Marrakech, Guéliz",appartement à vendre 117 m² à marrakech,3 chambres,3 sdbs,https://www.avito.ma/fr/gu%C3%A9liz/appartements/Appartement_%C3%A0_vendre_117_m%C2%B2_%C3%A0_Marrakech_57756948.htm
Appartement à vendre Haut standing,,"Appartements dans Rabat, Hay Riad",156 m²,4 chambres,3 sdbs,https://www.avito.ma/fr/hay_riad/appartements/Appartement_%C3%A0_vendre_Haut_standing_57781042.htm
167577-Vente Appt à Casablanca Racine de 203 m²,4200000,"Appartements dans Casablanca, Anfa",203 m²,3 chambres,2 sdbs,https://www.avito.ma/fr/anfa/appartements/167577_Vente_Appt_%C3%A0_Casablanca_Racine_de_203_m%C2%B2_57572362.htm
Appartement à Diar Al Mansour,,"Appartements dans Temara, Autre secteur",50 m²,2 chambres,2 sdbs,https://www.avito.ma/fr/autre_secteur/appartements/Appartement_%C3%A0_Diar_Al_Mansour_48835916.htm
Appartement à vendre à Temara,1200000,"Appartements dans Rabat, Autre secteur",107 m²,3 chambres,2 sdbs,https://www.avito.ma/fr/autre_secteur/appartements/Appartement_%C3%A0_vendre_%C3%A0_Temara_57812272.htm
Appartement en vente 65m² à Gueliz-Piscine Rooftop,1498000,"Appartements dans Marrakech, Guéliz",65 m²,1 chambre,1 sdb,https://www.avito.ma/fr/gu%C3%A9liz/appartements/Appartement_en_vente_65m%C2%B2_%C3%A0_Gueliz_Piscine_Rooftop_57658705.htm
appartement meublé à vendre,1100000,"Appartements dans Kénitra, Mimosas",110 m²,3 chambres,2 sdbs,https://www.avito.ma/fr/mimosas/appartements/appartement_meubl%C3%A9_%C3%A0_vendre_57763197.htm
Appartement à vendre à Temara,960000,"Appartements dans Temara, Autre secteur",128 m²,3 chambres,1 sdb,https://www.avito.ma/fr/autre_secteur/appartements/Appartement_%C3%A0_vendre_%C3%A0_Temara_45494983.htm
LA PERLA BLANCA -E-8 25/56952,1150000,"Appartements dans Benslimane, Autre secteur",114 m²,3 chambres,2 sdbs,https://www.avito.ma/fr/autre_secteur/appartements/LA_PERLA_BLANCA__E_8_25_56952_57813601.htm
Appartement à vendre 60 m² à Tanger,360000,"Appartements dans Tanger, Autre secteur",60 m²,2 chambres,1 sdb,https://www.avito.ma/fr/autre_secteur/appartements/Appartement_%C3%A0_vendre_60_m%C2%B2_%C3%A0_Tanger_57870892.htm
Appartement en vente 61m² à Gueliz Piscine Rooftop,1500000,"Appartements dans Marrakech, Guéliz",61 m²,1 chambre,1 sdb,https://www.avito.ma/fr/gu%C3%A9liz/appartements/Appartement_en_vente_61m%C2%B2_%C3%A0_Gueliz_Piscine_Rooftop_57656300.htm
Appartement à vendre 50 m² à Salé,460000,"Appartements dans Salé, Tabriquet",50 m²,2 chambres,1 sdb,https://www.avito.ma/fr/tabriquet/appartements/Appartement_%C3%A0_vendre_50_m%C2%B2_%C3%A0_Sal%C3%A9_57870868.htm
Rare Opportunité. Splendide Duplex à Maarif Extension,1520000,"Appartements dans Casablanca, Maârif Extension",,3 chambres,2 sdbs,https://www.avito.ma/fr/ma%C3%A2rif_extension/appartements/Rare_Opportunit%C3%A9__Splendide_Duplex_%C3%A0_Maarif_Extension_57765413.htm
Appartement à vendre 130 m² à plage des nations,1850000,"Appartements dans Sidi Bouknadel, Toute la ville",130 m²,2 chambres,2 sdbs,https://www.avito.ma/fr/sidi_bouknadel/appartements/Appartement_%C3%A0_vendre_130_m%C2%B2_%C3%A0_plage_des_nations_56055121.htm
Appartement meublé neuf sur corniche Martil,1500000,"Appartements dans Martil, Toute la ville",150 m²,3 chambres,1 sdb,https://www.avito.ma/fr/martil/appartements/Appartement_meubl%C3%A9_neuf_sur_corniche_Martil_57833371.htm
Appartement Haut standing Fès Agdal,,"Appartements dans Fès, Agdal",,3 chambres,2 sdbs,https://www.avito.ma/fr/agdal/appartements/Appartement_Haut_standing_F%C3%A8s_Agdal_57763597.htm
Appartement 67 m² à Tanger,,"Appartements dans Tanger, manar",appartement 67 m² à tanger,1 chambre,2 sdbs,https://www.avito.ma/fr/manar/appartements/Appartement_67_m%C2%B2_%C3%A0_Tanger_53961997.htm
Appartement à partir de 40 m² à Marrakech,,"Appartements dans Marrakech, Guéliz",49 m²,1 chambre,1 sdb,https://www.avito.ma/fr/gu%C3%A9liz/appartements/Appartement_%C3%A0_partir_de_40_m%C2%B2_%C3%A0_Marrakech_53799812.htm
Appartement à vendre,570000,"Appartements dans Mohammedia, Hay Al Falah",,2 chambres,1 sdb,https://www.avito.ma/fr/hay_al_falah/appartements/Appartement_%C3%A0_vendre_57796998.htm
Duplex moderne à vendre – 2 chambres Victor Hugo,1600000,"Appartements dans Marrakech, Victor Hugo",,2 chambres,1 sdb,https://www.avito.ma/fr/victor_hugo/appartements/Duplex_moderne_%C3%A0_vendre___2_chambres__Victor_Hugo_57447780.htm
🏠 L’EXCEPTION URBAINE Duplex 66 m² à Guéliz,1518000,"Appartements dans Marrakech, Guéliz",65 m²,1 chambre,1 sdb,https://www.avito.ma/fr/gu%C3%A9liz/appartements/___L_EXCEPTION_URBAINE_Duplex_66_m%C2%B2_%C3%A0_Gu%C3%A9liz_57674996.htm
Appartement à vendre 161 m² à Tanger,,"Appartements dans Tanger, Autre secteur",161 m²,3 chambres,2 sdbs,https://www.avito.ma/fr/autre_secteur/appartements/Appartement_%C3%A0_vendre_161_m%C2%B2_%C3%A0_Tanger_55403393.htm
"Appartement 98 m² à Temara, Résidence Al Khaizourane",,"Appartements dans Temara, Autre secteur","appartement 98 m² à temara, résidence al khaizourane",2 chambres,2 sdbs,https://www.avito.ma/fr/autre_secteur/appartements/Appartement_98_m%C2%B2_%C3%A0_Temara__R%C3%A9sidence_Al_Khaizourane_56492613.htm
Appartement à vendre 55 m² à Tanger,330000,"Appartements dans Tanger, Autre secteur",55 m²,2 chambres,1 sdb,https://www.avito.ma/fr/autre_secteur/appartements/Appartement_%C3%A0_vendre_55_m%C2%B2_%C3%A0_Tanger_57859943.htm
CMN-SI-1877 - Appartement à vendre à Bourgogne Est,1050000,"Appartements dans Casablanca, Bourgogne",76 m²,2 chambres,1 sdb,https://www.avito.ma/fr/bourgogne/appartements/CMN_SI_1877___Appartement_%C3%A0_vendre_%C3%A0_Bourgogne_Est_57328148.htm
Appartement à vendre 78 m² à Marrakech,1800000,"Appartements dans Marrakech, Agdal",118 m²,2 chambres,2 sdbs,https://www.avito.ma/fr/agdal/appartements/Appartement_%C3%A0_vendre_78_m%C2%B2_%C3%A0_Marrakech_56438709.htm
Appartement à vendre 60 m² à Marrakech,1320000,"Appartements dans Marrakech, Guéliz",60 m²,2 chambres,1 sdb,https://www.avito.ma/fr/gu%C3%A9liz/appartements/Appartement_%C3%A0_vendre_60_m%C2%B2_%C3%A0_Marrakech_57658682.htm
Appart lux 188m2 de 3ch 3sb à Gueliz,3100000,"Appartements dans Marrakech, Guéliz",,2 chambres,3 sdbs,https://www.avito.ma/fr/gu%C3%A9liz/appartements/Appart_lux_188m2_de_3ch_3sb_%C3%A0_Gueliz_56902202.htm
Appartement à vendre 69 m² à Casablanca,440000,"Appartements dans Casablanca, Aïn Borja",69 m²,3 chambres,1 sdb,https://www.avito.ma/fr/a%C3%AFn_borja/appartements/Appartement_%C3%A0_vendre_69_m%C2%B2_%C3%A0_Casablanca_38635452.htm
Studio neuf 41 m2 à vendre à Roche Noires,640000,"Appartements dans Casablanca, Roches Noires",41 m²,1 chambre,1 sdb,https://www.avito.ma/fr/roches_noires/appartements/Studio_neuf_41_m2_%C3%A0_vendre_%C3%A0_Roche_Noires_55587139.htm
Appart 76m2 près Mc Do et Marjane allal fassi,980000,"Appartements dans Marrakech, Allal El Fassi",,2 chambres,1 sdb,https://www.avito.ma/fr/allal_el_fassi/appartements/Appart_76m2_pr%C3%A8s_Mc_Do_et_Marjane_allal_fassi_55820537.htm
Duplex RDC 74 m² en vente - piscine Rooftop,1708000,"Appartements dans Marrakech, Av Abdelkrim El Khattabi",74 m²,1 chambre,2 sdbs,https://www.avito.ma/fr/av_abdelkrim_el_khattabi/appartements/Duplex_RDC_74_m%C2%B2_en_vente___piscine_Rooftop_57606328.htm
Appart 78m2 avec terrasse en haut près Atacadao,750000,"Appartements dans Marrakech, Route de Fès",,2 chambres,1 sdb,https://www.avito.ma/fr/route_de_f%C3%A8s/appartements/Appart_78m2_avec_terrasse_en_haut_pr%C3%A8s_Atacadao_57427077.htm
Appart 101m² piscine près Semlalia Majorel Gueliz,2200000,"Appartements dans Marrakech, Semlalia",101 m²,2 chambres,2 sdbs,https://www.avito.ma/fr/semlalia/appartements/Appart_101m%C2%B2_piscine_pr%C3%A8s_Semlalia_Majorel_Gueliz_57780457.htm
Appartement à vendre 60 m² centre ville souk mlilia,330000,"Appartements dans Oujda, Centre Ville",60 m²,2 chambres,1 sdb,https://www.avito.ma/fr/centre_ville/appartements/Appartement_%C3%A0_vendre_60_m%C2%B2_centre_ville_souk_mlilia_56130464.htm
"Appartement rénové proche gare, plage et zoo",600000,"Appartements dans Casablanca, Ain Sebaa",67 m²,2 chambres,1 sdb,https://www.avito.ma/fr/ain_sebaa/appartements/Appartement_r%C3%A9nov%C3%A9_proche_gare__plage_et_zoo_57778622.htm
Appartement à vendre 65 m² à Bouznika Dahomey,650000,"Appartements dans Bouznika, Autre secteur",65 m²,2 chambres,2 sdbs,https://www.avito.ma/fr/autre_secteur/appartements/Appartement_%C3%A0_vendre_65_m%C2%B2_%C3%A0_Bouznika_Dahomey_53700784.htm
appartement à vendre,1200000,"Appartements dans Tanger, Aida",97 m²,3 chambres,2 sdbs,https://www.avito.ma/fr/aida/appartements/appartement_%C3%A0_vendre_57758453.htm
des appartements au centre-ville ville,,"Appartements dans Kénitra, Maamora",84 m²,2 chambres,2 sdbs,https://www.avito.ma/fr/maamora/appartements/des_appartements_au_centre_ville_ville_57261961.htm
Appartement 150 m2 Haut Standing Quartier Hôpitaux,1600000,"Appartements dans Casablanca, Californie",,3 chambres,2 sdbs,https://www.avito.ma/fr/californie/appartements/Appartement_150_m2_Haut_Standing_Quartier_H%C3%B4pitaux_56257640.htm
VENTE DIRECTE SUPERBES APPARTEMENTS,860000,"Appartements dans Casablanca, Hay Hassani",78 m²,2 chambres,2 sdbs,https://www.avito.ma/fr/hay_hassani/appartements/VENTE_DIRECTE_SUPERBES_APPARTEMENTS_57279893.htm
Résidence Galia Boulevard Hassan II Mohammedia,1700000,"Appartements dans Mohammedia, Centre Ville",125 m²,3 chambres,2 sdbs,https://www.avito.ma/fr/centre_ville/appartements/R%C3%A9sidence_Galia_Boulevard_Hassan_II_Mohammedia_55973170.htm
Appartement à vendre rue Royal Army,1500000,"Appartements dans Tétouan, Centre ville",150 m²,3 chambres,2 sdbs,https://www.avito.ma/fr/centre_ville/appartements/Appartement_%C3%A0_vendre_rue_Royal_Army_55897749.htm
Appartement à vendre 60 m² à Agadir,36,"Appartements dans Agadir, Taddart Anza",60 m²,2 chambres,1 sdb,https://www.avito.ma/fr/taddart_anza/appartements/Appartement_%C3%A0_vendre_60_m%C2%B2_%C3%A0_Agadir_57870817.htm
Appartement à vendre 104m² Amanar à Agadir,1456000,"Appartements dans Agadir, Centre Ville",104 m²,3 chambres,1 sdb,https://www.avito.ma/fr/centre_ville/appartements/Appartement_%C3%A0_vendre_104m%C2%B2_Amanar_%C3%A0_Agadir_56449553.htm
Appartement à vendre 67m² à Ainsebaa,770500,"Appartements dans Casablanca, Ain Sebaa",67 m²,2 chambres,2 sdbs,https://www.avito.ma/fr/ain_sebaa/appartements/Appartement_%C3%A0_vendre_67m%C2%B2_%C3%A0_Ainsebaa_55553040.htm
Appartement 2 ch à vendre vue sur mer,2900000,"Appartements dans Tanger, Malabata",82 m²,2 chambres,1 sdb,https://www.avito.ma/fr/malabata/appartements/Appartement_2_ch_%C3%A0_vendre_vue_sur_mer_57080322.htm
Appart.H.ST 87m2 Hay.chrifa près Bd qods,1000000,"Appartements dans Casablanca, Hay Chrifa",,3 chambres,2 sdbs,https://www.avito.ma/fr/hay_chrifa/appartements/Appart_H_ST_87m2_Hay_chrifa_pr%C3%A8s_Bd_qods_56164330.htm
Appartement avec jacuzzi à vendre à Prestigia,2300000,"Appartements dans Marrakech, Autre secteur",,2 chambres,2 sdbs,https://www.avito.ma/fr/autre_secteur/appartements/Appartement_avec_jacuzzi_%C3%A0_vendre_%C3%A0_Prestigia_57660982.htm
Appartement à vendre 155m² à Agdal,3400000,"Appartements dans Rabat, Agdal",appartement à vendre 155m² à agdal,3 chambres,2 sdbs,https://www.avito.ma/fr/agdal/appartements/Appartement_%C3%A0_vendre_155m%C2%B2_%C3%A0_Agdal_50898518.htm
Appartement meublé à vendre,970000,"Appartements dans Tanger, Autre secteur",81 m²,2 chambres,1 sdb,https://www.avito.ma/fr/autre_secteur/appartements/Appartement_meubl%C3%A9_%C3%A0_vendre_57827672.htm
2 Appartements moyen standing à vendre – Benguerir,520000,"Appartements dans Ben Guerir, Toute la ville",92 m²,2 chambres,2 sdbs,https://www.avito.ma/fr/ben_guerir/appartements/2_Appartements_moyen_standing_%C3%A0_vendre___Benguerir_56548870.htm
Appartement neuf à vendre au Qu. des hôpitaux,1360000,"Appartements dans Casablanca, Quartier des Hôpitaux",,2 chambres,2 sdbs,https://www.avito.ma/fr/quartier_des_h%C3%B4pitaux/appartements/Appartement_neuf_%C3%A0_vendre_au_Qu__des_h%C3%B4pitaux_57742341.htm
Appartement vue mer Anza Miftah Sahil meublé,1200000,"Appartements dans Agadir, Anza",60 m²,1 chambre,1 sdb,https://www.avito.ma/fr/anza/appartements/Appartement_vue_mer_Anza_Miftah_Sahil_meubl%C3%A9_57729148.htm
Appartement à vendre 123 m² à Casablanca,1780000,"Appartements dans Casablanca, Abdelmoumen",123 m²,3 chambres,2 sdbs,https://www.avito.ma/fr/abdelmoumen/appartements/Appartement_%C3%A0_vendre_123_m%C2%B2_%C3%A0_Casablanca_55242385.htm
Appartement à vendre 2 chambres Salon à Casa,810000,"Appartements dans Bouznika, Al Kawtar",95 m²,2 chambres,2 sdbs,https://www.avito.ma/fr/al_kawtar/appartements/Appartement_%C3%A0_vendre_2_chambres_Salon_%C3%A0_Casa_55246502.htm
Appartement à vendre 73m² La Perle Bleue à Dakhla,581625,"Appartements dans Dakhla, Toute la ville",73 m²,3 chambres,1 sdb,https://www.avito.ma/fr/dakhla/appartements/Appartement_%C3%A0_vendre_73m%C2%B2_La_Perle_Bleue_%C3%A0_Dakhla_56420853.htm
Magnifique studio en rez de jardin sur résidence,1400000,"Appartements dans Marrakech, Agdal",50 m²,1 chambre,1 sdb,https://www.avito.ma/fr/agdal/appartements/Magnifique_studio_en_rez_de_jardin_sur_r%C3%A9sidence_57797692.htm
Appartement à vendre 97 m² à Ferme Bretonne,1900000,"Appartements dans Casablanca, Ferme Bretone",97 m²,2 chambres,2 sdbs,https://www.avito.ma/fr/ferme_bretone/appartements/Appartement_%C3%A0_vendre_97_m%C2%B2_%C3%A0_Ferme_Bretonne_57274161.htm
Appartement à vendre Prestegia Argan golf,2000000,"Appartements dans Marrakech, Route de Tahanaoute",80 m²,2 chambres,1 sdb,https://www.avito.ma/fr/route_de_tahanaoute/appartements/Appartement_%C3%A0_vendre_Prestegia_Argan_golf_57713584.htm
Appartement 3 chambres à vendre 117 m² à Marrakech,,"Appartements dans Marrakech, Route de Safi",117 m²,3 chambres,2 sdbs,https://www.avito.ma/fr/route_de_safi/appartements/Appartement_3_chambres_%C3%A0_vendre_117_m%C2%B2_%C3%A0_Marrakech_57546872.htm
Appartement à vendre 94m² à Ferme Bretonne,1900000,"Appartements dans Casablanca, Ferme Bretone",94 m²,2 chambres,2 sdbs,https://www.avito.ma/fr/ferme_bretone/appartements/Appartement_%C3%A0_vendre_94m%C2%B2_%C3%A0_Ferme_Bretonne_57474725.htm
Appartement à vendre 165 m² à Casablanca,3500000,"Appartements dans Casablanca, Racine",176 m²,3 chambres,3 sdbs,https://www.avito.ma/fr/racine/appartements/Appartement_%C3%A0_vendre_165_m%C2%B2_%C3%A0_Casablanca_57627551.htm
Appartement meublé à vendre ou à louer à Akdal,,"Appartements dans Sidi Slimane, Toute la ville",100 m²,2 chambres,1 sdb,https://www.avito.ma/fr/sidi_slimane/appartements/Appartement_meubl%C3%A9_%C3%A0_vendre_ou_%C3%A0_louer_%C3%A0_Akdal_57870777.htm
Appartement à vendre105m²Les Jardins de la Coupole,1369592,"Appartements dans Agadir, Av Mokawama",105 m²,4 chambres,1 sdb,https://www.avito.ma/fr/av_mokawama/appartements/Appartement_%C3%A0_vendre105m%C2%B2Les_Jardins_de_la_Coupole_56420860.htm
Appartement à vendre 95 m² à Marrakech,1350000,"Appartements dans Marrakech, Route de Safi",95 m²,2 chambres,1 sdb,https://www.avito.ma/fr/route_de_safi/appartements/Appartement_%C3%A0_vendre_95_m%C2%B2_%C3%A0_Marrakech_57746811.htm
Appartement 97m² à Casablanca ferme bretonne,1940000,"Appartements dans Casablanca, Ferme Bretone",97 m²,2 chambres,2 sdbs,https://www.avito.ma/fr/ferme_bretone/appartements/Appartement_97m%C2%B2_%C3%A0_Casablanca_ferme_bretonne_52869889.htm
Appartement à vendre 80m² Bouznika sans vis à vis,750000,"Appartements dans Bouznika, Al Kawtar",82 m²,2 chambres,2 sdbs,https://www.avito.ma/fr/al_kawtar/appartements/Appartement_%C3%A0_vendre_80m%C2%B2_Bouznika_sans_vis_%C3%A0_vis_56385837.htm
Appartement à vendre 95 m² à Marrakech palmeraie,1500000,"Appartements dans Marrakech, Palmeraie",95 m²,2 chambres,2 sdbs,https://www.avito.ma/fr/palmeraie/appartements/Appartement_%C3%A0_vendre_95_m%C2%B2_%C3%A0_Marrakech_palmeraie_57216492.htm
Appartement Ensoleillé à vendre 50 m² à Tamensourt,295000,"Appartements dans Tamensourt, Toute la ville",50 m²,1 chambre,1 sdb,https://www.avito.ma/fr/tamensourt/appartements/Appartement_Ensoleill%C3%A9_%C3%A0_vendre_50_m%C2%B2_%C3%A0_Tamensourt_57744621.htm
Appartement à vendre 136 m² à Marrakech,1500000,"Appartements dans Marrakech, Victor Hugo",appartement à vendre 136 m² à marrakech,3 chambres,2 sdbs,https://www.avito.ma/fr/victor_hugo/appartements/Appartement_%C3%A0_vendre_136_m%C2%B2_%C3%A0_Marrakech_57568134.htm
Superbe studio 56 m² à saisir à Marrakech,1064000,"Appartements dans Marrakech, Guéliz",56 m²,1 chambre,1 sdb,https://www.avito.ma/fr/gu%C3%A9liz/appartements/Superbe_studio_56_m%C2%B2_%C3%A0_saisir_%C3%A0_Marrakech_57765868.htm
Appartement à vendre 76 m² à Marrakech,1500000,"Appartements dans Marrakech, Victor Hugo",76 m²,2 chambres,2 sdbs,https://www.avito.ma/fr/victor_hugo/appartements/Appartement_%C3%A0_vendre_76_m%C2%B2_%C3%A0_Marrakech_57647629.htm
Appartement Chic à Yassmine Bouskoura,,"Appartements dans Bouskoura, Bouskoura centre",51 m²,2 chambres,2 sdbs,https://www.avito.ma/fr/bouskoura_centre/appartements/Appartement_Chic_%C3%A0_Yassmine_Bouskoura_57606529.htm
Spacieux Appartement 2 Chambres à la Vente Guéliz,2350000,"Appartements dans Marrakech, Guéliz",110 m²,2 chambres,2 sdbs,https://www.avito.ma/fr/gu%C3%A9liz/appartements/Spacieux_Appartement_2_Chambres_%C3%A0_la_Vente_Gu%C3%A9liz_57648625.htm
Appartement à vendre 111 m² à Marrakech,2600000,"Appartements dans Marrakech, Guéliz",appartement à vendre 111 m² à marrakech,2 chambres,2 sdbs,https://www.avito.ma/fr/gu%C3%A9liz/appartements/Appartement_%C3%A0_vendre_111_m%C2%B2_%C3%A0_Marrakech_57757647.htm
Appartement à vendre 110 m² à Mohammedia,1656000,"Appartements dans Mohammedia, Centre Ville",120 m²,2 chambres,2 sdbs,https://www.avito.ma/fr/centre_ville/appartements/Appartement_%C3%A0_vendre_110_m%C2%B2_%C3%A0_Mohammedia_55747589.htm
Bel appartement en vente bd 2 mars,1930000,"Appartements dans Casablanca, 2 Mars",129 m²,3 chambres,2 sdbs,https://www.avito.ma/fr/2_mars/appartements/Bel_appartement_en_vente_bd_2_mars_55936018.htm
Duplex vue piscine et mer Taghazout Bay Taourt,3800000,"Appartements dans Agadir, Tamraght",,2 chambres,1 sdb,https://www.avito.ma/fr/tamraght/appartements/Duplex_vue_piscine_et_mer_Taghazout_Bay_Taourt_57541355.htm
Appartement moderne à vendre Prestigia 2ch,2400000,"Appartements dans Marrakech, Agdal",,2 chambres,2 sdbs,https://www.avito.ma/fr/agdal/appartements/Appartement_moderne_%C3%A0_vendre_Prestigia_2ch_57740061.htm
Appartement en vente ain borja,850000,"Appartements dans Casablanca, Aïn Borja",81 m²,2 chambres,2 sdbs,https://www.avito.ma/fr/a%C3%AFn_borja/appartements/Appartement_en_vente_ain_borja_50678435.htm
Appartement à vendre 100 m² à Essaouira,1250000,"Appartements dans Essaouira, Toute la ville",100 m²,2 chambres,1 sdb,https://www.avito.ma/fr/essaouira/appartements/Appartement_%C3%A0_vendre_100_m%C2%B2_%C3%A0_Essaouira_57768262.htm
Appartement neuf enregistré conservé Médina Errahma,570000,"Appartements dans Casablanca, Errahma",75 m²,3 chambres,2 sdbs,https://www.avito.ma/fr/errahma/appartements/Appartement_neuf_enregistr%C3%A9_conserv%C3%A9_M%C3%A9dina_Errahma_50961295.htm
CMN-SI-1881 - Appartement à vendre à Bourgogne Est,1800000,"Appartements dans Casablanca, Bourgogne",103 m²,3 chambres,2 sdbs,https://www.avito.ma/fr/bourgogne/appartements/CMN_SI_1881___Appartement_%C3%A0_vendre_%C3%A0_Bourgogne_Est_57341638.htm
Appartement de luxe à vendre à Marina golf Asilah,1800000,"Appartements dans Asilah, Toute la ville",113 m²,3 chambres,2 sdbs,https://www.avito.ma/fr/asilah/appartements/Appartement_de_luxe_%C3%A0_vendre_%C3%A0_Marina_golf_Asilah_57837614.htm
CMN-HA-1848 - Appartement à vendre à Lissasfa,930000,"Appartements dans Casablanca, Lissasfa",103 m²,3 chambres,1 sdb,https://www.avito.ma/fr/lissasfa/appartements/CMN_HA_1848___Appartement_%C3%A0_vendre_%C3%A0_Lissasfa_57291337.htm
Appartement Mers Sultan 139 m² à Casablanca,1750000,"Appartements dans Casablanca, Mers Sultan",139 m²,2 chambres,2 sdbs,https://www.avito.ma/fr/mers_sultan/appartements/Appartement_Mers_Sultan_139_m%C2%B2_%C3%A0_Casablanca_56434189.htm
beau duplex en vente ain borja,850000,"Appartements dans Casablanca, Aïn Chock",85 m²,2 chambres,1 sdb,https://www.avito.ma/fr/a%C3%AFn_chock/appartements/beau_duplex_en_vente_ain_borja_57467935.htm
Appt neuf haut standing à 2mn du CFC,,"Appartements dans Casablanca, Autre secteur",169 m²,3 chambres,3 sdbs,https://www.avito.ma/fr/autre_secteur/appartements/Appt_neuf_haut_standing_%C3%A0_2mn_du_CFC_57830059.htm
Appartement à vendre 170 m² à CFC,4200000,"Appartements dans Casablanca, Casablanca Finance City",170 m²,3 chambres,3 sdbs,https://www.avito.ma/fr/casablanca_finance_city/appartements/Appartement_%C3%A0_vendre_170_m%C2%B2_%C3%A0_CFC_57775845.htm
"Super emplacement, neuf, Livraison dans 2 mois",1190000,"Appartements dans Marrakech, Guéliz",69 m²,2 chambres,2 sdbs,https://www.avito.ma/fr/gu%C3%A9liz/appartements/Super_emplacement__neuf__Livraison_dans_2_mois_56116322.htm
Grand appartement à vendre à Hay Riad,4700000,"Appartements dans Rabat, Hay Riad",,3 chambres,2 sdbs,https://www.avito.ma/fr/hay_riad/appartements/Grand_appartement_%C3%A0_vendre_%C3%A0_Hay_Riad_57773567.htm
Bel appartement en vente al fida,660000,"Appartements dans Casablanca, Al Fida",66 m²,2 chambres,1 sdb,https://www.avito.ma/fr/al_fida/appartements/Bel_appartement_en_vente_al_fida_55715816.htm
Appartement à vendre 68 m² au maarif,1280000,"Appartements dans Casablanca, Maarif",68 m²,2 chambres,1 sdb,https://www.avito.ma/fr/maarif/appartements/Appartement_%C3%A0_vendre_68_m%C2%B2_au_maarif_56499615.htm
bel appartement en vente ain borja,693500,"Appartements dans Casablanca, Aïn Borja",79 m²,3 chambres,1 sdb,https://www.avito.ma/fr/a%C3%AFn_borja/appartements/bel_appartement_en_vente_ain_borja_53581921.htm
Appartement à vendre 59 m² à Ain Sebaa,708000,"Appartements dans Casablanca, Ain Sebaa",59 m²,2 chambres,2 sdbs,https://www.avito.ma/fr/ain_sebaa/appartements/Appartement_%C3%A0_vendre_59_m%C2%B2_%C3%A0_Ain_Sebaa_57634725.htm
Appartement à vendre 90 m² centre ville Fès,450000,"Appartements dans Fès, Centre",appartement à vendre 90 m² centre ville fès,2 chambres,1 sdb,https://www.avito.ma/fr/centre/appartements/Appartement_%C3%A0_vendre_90_m%C2%B2_centre_ville_F%C3%A8s_56433490.htm
Appartement à vendre 50 m² à Casablanca,270000,"Appartements dans Casablanca, Oulfa",appartement à vendre 50 m² à casablanca,2 chambres,1 sdb,https://www.avito.ma/fr/oulfa/appartements/Appartement_%C3%A0_vendre_50_m%C2%B2_%C3%A0_Casablanca_57870571.htm
Bel appartement vente quartier des hôpitaux,1200000,"Appartements dans Casablanca, Quartier des Hôpitaux",92 m²,2 chambres,2 sdbs,https://www.avito.ma/fr/quartier_des_h%C3%B4pitaux/appartements/Bel_appartement_vente_quartier_des_h%C3%B4pitaux_48561359.htm
Bel appartement vente belvedere,970000,"Appartements dans Casablanca, Belvédère",109 m²,3 chambres,2 sdbs,https://www.avito.ma/fr/belv%C3%A9d%C3%A8re/appartements/Bel_appartement_vente_belvedere_51013634.htm
Grand bel appartement en vente Casablanca,1690000,"Appartements dans Casablanca, Centre Ville",189 m²,3 chambres,2 sdbs,https://www.avito.ma/fr/centre_ville/appartements/Grand_bel_appartement_en_vente_Casablanca_56540709.htm
Bel appartement de 73m² à Ain Sebaa,817600,"Appartements dans Casablanca, Oulfa",73 m²,3 chambres,2 sdbs,https://www.avito.ma/fr/oulfa/appartements/Bel_appartement_de_73m%C2%B2_%C3%A0_Ain_Sebaa_54211100.htm
Appartement 110 m² à Casablanca,530000,"Appartements dans Casablanca, Sidi Bernoussi",110 m²,3 chambres,2 sdbs,https://www.avito.ma/fr/sidi_bernoussi/appartements/Appartement_110_m%C2%B2_%C3%A0_Casablanca_54645618.htm
Appartement à vendre de 78 m2 avec balcon,800000,"Appartements dans Marrakech, Allal El Fassi",,2 chambres,1 sdb,https://www.avito.ma/fr/allal_el_fassi/appartements/Appartement_%C3%A0_vendre_de_78_m2_avec_balcon_57832555.htm
CMN-MA-2404 - Appartement à vendre à Les princesses,2400000,"Appartements dans Casablanca, Les Princesses",121 m²,3 chambres,2 sdbs,https://www.avito.ma/fr/les_princesses/appartements/CMN_MA_2404___Appartement_%C3%A0_vendre_%C3%A0_Les_princesses_57234386.htm
Appartement rdc à vendre Mabrouka jnan ali,1400000,"Appartements dans Marrakech, Mabrouka",,2 chambres,2 sdbs,https://www.avito.ma/fr/mabrouka/appartements/Appartement_rdc_%C3%A0_vendre_Mabrouka_jnan_ali_57856349.htm
Appartement à vendre 52 m² à Casablanca,330000,"Appartements dans Casablanca, Oulfa",52 m²,2 chambres,1 sdb,https://www.avito.ma/fr/oulfa/appartements/Appartement_%C3%A0_vendre_52_m%C2%B2_%C3%A0_Casablanca_57870545.htm
bel appartement en vente 3 chambres 1 salon,950000,"Appartements dans Casablanca, Aïn Borja",112 m²,3 chambres,1 sdb,https://www.avito.ma/fr/a%C3%AFn_borja/appartements/bel_appartement_en_vente_3_chambres_1_salon_49517461.htm
Grand appartement en vente à Ain Borja,1600000,"Appartements dans Casablanca, Aïn Borja",225 m²,4 chambres,2 sdbs,https://www.avito.ma/fr/a%C3%AFn_borja/appartements/Grand_appartement_en_vente_%C3%A0_Ain_Borja_57043473.htm
CMN-MA-1139 - Appartement à vendre à Val Fleurie,1800000,"Appartements dans Casablanca, Val Fleuri",129 m²,2 chambres,2 sdbs,https://www.avito.ma/fr/val_fleuri/appartements/CMN_MA_1139___Appartement_%C3%A0_vendre_%C3%A0_Val_Fleurie_57319442.htm
A vendre Appartement 65 m² à Ouislane Meknes,280000,"Appartements dans Ouislane, Toute la ville",73 m²,2 chambres,1 sdb,https://www.avito.ma/fr/ouislane/appartements/A_vendre_Appartement_65_m%C2%B2_%C3%A0_Ouislane_Meknes_57807048.htm
Studio Neuf 54m2 4è étg Terrasse garage Palmier,1350000,"Appartements dans Casablanca, Palmier",10 m²,1 chambre,1 sdb,https://www.avito.ma/fr/palmier/appartements/Studio_Neuf_54m2_4%C3%A8_%C3%A9tg_Terrasse_garage_Palmier_57751382.htm
Rez de jardin à vendre 107 m² vue sur piscine,1900000,"Appartements dans Marrakech, Route de Casablanca",107 m²,2 chambres,2 sdbs,https://www.avito.ma/fr/route_de_casablanca/appartements/Rez_de_jardin_%C3%A0_vendre_107_m%C2%B2_vue_sur_piscine_57648716.htm
CMN-HA-1859 - Appartement à vendre à Beauséjour,1270000,"Appartements dans Casablanca, Beauséjour",95 m²,2 chambres,2 sdbs,https://www.avito.ma/fr/beaus%C3%A9jour/appartements/CMN_HA_1859___Appartement_%C3%A0_vendre_%C3%A0_Beaus%C3%A9jour_57245367.htm
Appart à vendre 76 m² (Rez Chaussée) à Bouznika,530000,"Appartements dans Bouznika, Autre secteur",76 m²,2 chambres,1 sdb,https://www.avito.ma/fr/autre_secteur/appartements/Appart_%C3%A0_vendre_76_m%C2%B2__Rez_Chauss%C3%A9e__%C3%A0_Bouznika_56732656.htm
Apparemment titré,165000,"Appartements dans Fès, Zouagha",56 m²,2 chambres,1 sdb,https://www.avito.ma/fr/zouagha/appartements/Apparemment_titr%C3%A9_57870484.htm
Appartement à vendre 138m² Tanger centre ville,2200000,"Appartements dans Tanger, Centre ville",138 m²,3 chambres,2 sdbs,https://www.avito.ma/fr/centre_ville/appartements/Appartement_%C3%A0_vendre_138m%C2%B2_Tanger_centre_ville_55183990.htm
Rêve Vue sur mer,1800000,"Appartements dans Zenata, Toute la ville",87 m²,2 chambres,2 sdbs,https://www.avito.ma/fr/zenata/appartements/R%C3%AAve_Vue_sur_mer_57870481.htm
"Appartement à vendre à Hay Moulay Abdellah, 100m",980000,"Appartements dans Casablanca, Aïn Chock",100 m²,2 chambres,1 sdb,https://www.avito.ma/fr/a%C3%AFn_chock/appartements/Appartement_%C3%A0_vendre_%C3%A0_Hay_Moulay_Abdellah__100m_57870471.htm
Appartement 111m² à rénover – Sans frais d’agence,950000,"Appartements dans Marrakech, Issil",111 m²,2 chambres,2 sdbs,https://www.avito.ma/fr/issil/appartements/Appartement_111m%C2%B2_%C3%A0_r%C3%A9nover___Sans_frais_d_agence_57870468.htm
Appartement à vendre 67 m² à Asilah,900000,"Appartements dans Asilah, Toute la ville",67 m²,2 chambres,1 sdb,https://www.avito.ma/fr/asilah/appartements/Appartement_%C3%A0_vendre_67_m%C2%B2_%C3%A0_Asilah_56773217.htm
À VENDRE APPARTEMENT LUMINEUX,420000,"Appartements dans Marrakech, Hay Charaf",60 m²,1 chambre,1 sdb,https://www.avito.ma/fr/hay_charaf/appartements/%C3%80_VENDRE_APPARTEMENT_LUMINEUX_57870449.htm
TNG-TA-1129 - Appartement à vendre à Msala,1350000,"Appartements dans Tanger, Autre secteur",86 m²,2 chambres,1 sdb,https://www.avito.ma/fr/autre_secteur/appartements/TNG_TA_1129___Appartement_%C3%A0_vendre_%C3%A0_Msala_57618931.htm
Appartement à vendre,1450000,"Appartements dans Tanger, Hay Hassani",106 m²,3 chambres,2 sdbs,https://www.avito.ma/fr/hay_hassani/appartements/Appartement_%C3%A0_vendre_57870443.htm
Appartement à vendre 100 m²,910000,"Appartements dans Salé, Abouab Sala",appartement à vendre 100 m²,3 chambres,2 sdbs,https://www.avito.ma/fr/abouab_sala/appartements/Appartement_%C3%A0_vendre_100_m%C2%B2_57870445.htm
Appartement au 4ème étage avec ascenseur à la résidence Jawharat Al Atlas,400000,"Appartements dans Béni Mellal, Toute la ville",84 m²,3 chambres,2 sdbs,https://www.avito.ma/fr/b%C3%A9ni_mellal/appartements/Appartement_au_4%C3%A8me_%C3%A9tage_avec_ascenseur_%C3%A0_la_r%C3%A9sidence_Jawharat_Al_Atlas_57370619.htm
Appartement à vendre 2 Mars,2120000,"Appartements dans Casablanca, 2 Mars",188 m²,3 chambres,3 sdbs,https://www.avito.ma/fr/2_mars/appartements/Appartement_%C3%A0_vendre_2_Mars_57834260.htm
Appartement à vendre 128 m² à Bouskoura,1300000,"Appartements dans Bouskoura, Victoria",140 m²,3 chambres,2 sdbs,https://www.avito.ma/fr/victoria/appartements/Appartement_%C3%A0_vendre_128_m%C2%B2_%C3%A0_Bouskoura_57814586.htm
"Appartement à vendre 58 m², Oulfa Hay Hassani",286000,"Appartements dans Casablanca, Oulfa",59 m²,2 chambres,1 sdb,https://www.avito.ma/fr/oulfa/appartements/Appartement_%C3%A0_vendre_58_m%C2%B2__Oulfa_Hay_Hassani_57775101.htm
Appartement au 4ème étage avec ascenseur à la résidence Jawharat Al Atlas,400000,"Appartements dans Béni Mellal, Toute la ville",84 m²,3 chambres,2 sdbs,https://www.avito.ma/fr/b%C3%A9ni_mellal/appartements/Appartement_au_4%C3%A8me_%C3%A9tage_avec_ascenseur_%C3%A0_la_r%C3%A9sidence_Jawharat_Al_Atlas_57370619.htm
Appartement à vendre 146 m² au centre avec garage,1990000,"Appartements dans Tanger, Centre",146 m²,3 chambres,3 sdbs,https://www.avito.ma/fr/centre/appartements/Appartement_%C3%A0_vendre_146_m%C2%B2_au_centre_avec_garage_57870427.htm
Appartement à vendre 174m2 à Mers Sultan,440000,"Appartements dans Casablanca, Mers Sultan",174 m²,3 chambres,2 sdbs,https://www.avito.ma/fr/mers_sultan/appartements/Appartement_%C3%A0_vendre_174m2_%C3%A0_Mers_Sultan_57145224.htm
Appartement meublé à vendre,970000,"Appartements dans Tanger, Autre secteur",81 m²,2 chambres,1 sdb,https://www.avito.ma/fr/autre_secteur/appartements/Appartement_meubl%C3%A9_%C3%A0_vendre_57827672.htm
Oued Laou Mekkad,1,"Appartements dans Oued Laou, Toute la ville",65 m²,2 chambres,2 sdbs,https://www.avito.ma/fr/oued_laou/appartements/Oued_Laou_Mekkad_57870402.htm
Appartement 147 M² à Mohammedia,1650000,"Appartements dans Mohammedia, Autre secteur",14 m²,2 chambres,1 sdb,https://www.avito.ma/fr/autre_secteur/appartements/Appartement_147_M%C2%B2_%C3%A0_Mohammedia_57761127.htm
Appartements à vendre,1050000,"Appartements dans Temara, Autre secteur",100 m²,3 chambres,2 sdbs,https://www.avito.ma/fr/autre_secteur/appartements/Appartements_%C3%A0_vendre_56950731.htm
Appartements à vendre près du café Russie,850000,"Appartements dans Martil, Toute la ville",80 m²,3 chambres,1 sdb,https://www.avito.ma/fr/martil/appartements/Appartements_%C3%A0_vendre_pr%C3%A8s_du_caf%C3%A9_Russie_57739365.htm
"Appartement à vendre quartier Al Fadl, rez-de-chaussée, près de Marjane",470000,"Appartements dans Marrakech, Hay Izdihar",6 m²,2 chambres,1 sdb,https://www.avito.ma/fr/hay_izdihar/appartements/Appartement_%C3%A0_vendre_quartier_Al_Fadl__rez_de_chauss%C3%A9e__pr%C3%A8s_de_Marjane_56061531.htm
Appartement de haut standing,1650000,"Appartements dans Tétouan, Safir",147 m²,2 chambres,2 sdbs,https://www.avito.ma/fr/safir/appartements/Appartement_de_haut_standing_57783470.htm
Excellent appartement meublé à vendre dans le quartier Al Saada près de Marjane,570000,"Appartements dans Marrakech, Es Saada",54 m²,2 chambres,1 sdb,https://www.avito.ma/fr/es_saada/appartements/Excellent_appartement_meubl%C3%A9_%C3%A0_vendre_dans_le_quartier_Al_Saada_pr%C3%A8s_de_Marjane_55213265.htm
Appartement Tilila,,"Appartements dans Agadir, Tilila",93 m²,3 chambres,2 sdbs,https://www.avito.ma/fr/tilila/appartements/Appartement_Tilila_57827632.htm
Appartement sur R plus 2,930000,"Appartements dans El Jadida, Hay Essalam",80 m²,3 chambres,2 sdbs,https://www.avito.ma/fr/hay_essalam/appartements/Appartement_sur_R_plus_2_55568045.htm
Appartement au deuxième étage avec moitié de terrasse sur le toit à vendre,68,"Appartements dans El Jadida, Autre secteur",12668 m²,2 chambres,1 sdb,https://www.avito.ma/fr/autre_secteur/appartements/Appartement_au_deuxi%C3%A8me_%C3%A9tage_avec_moiti%C3%A9_de_terrasse_sur_le_toit_%C3%A0_vendre_57870344.htm
Appartement à vendre 70 m² à Essaouira,720000,"Appartements dans Essaouira, Centre ville",75 m²,2 chambres,1 sdb,https://www.avito.ma/fr/centre_ville/appartements/Appartement_%C3%A0_vendre_70_m%C2%B2_%C3%A0_Essaouira_57768043.htm
Appartement à vendre 106 m² à Dar Bouazza Tamaris,1200000,"Appartements dans Dar Bouazza, Toute la ville",appartement à vendre 106 m² à dar bouazza tamaris,2 chambres,1 sdb,https://www.avito.ma/fr/dar_bouazza/appartements/Appartement_%C3%A0_vendre_106_m%C2%B2_%C3%A0_Dar_Bouazza_Tamaris_57490459.htm
Appartement à vendre 98 m² à Tanger,1200000,"Appartements dans Tanger, Aida",appartement à vendre 98 m² à tanger,3 chambres,1 sdb,https://www.avito.ma/fr/aida/appartements/Appartement_%C3%A0_vendre_98_m%C2%B2_%C3%A0_Tanger_57870327.htm
Appartement spacieux et bien ensoleillé à El Jadida à vendre avec une moitié de la terrasse,68,"Appartements dans El Jadida, Autre secteur",126 m²,2 chambres,1 sdb,https://www.avito.ma/fr/autre_secteur/appartements/Appartement_spacieux_et_bien_ensoleill%C3%A9_%C3%A0_El_Jadida_%C3%A0_vendre_avec_une_moiti%C3%A9_de_la_terrasse_57870323.htm
Appartement à vendre 133 m² à Casablanca,1350000,"Appartements dans Casablanca, 2 Mars",appartement à vendre 133 m² à casablanca,3 chambres,2 sdbs,https://www.avito.ma/fr/2_mars/appartements/Appartement_%C3%A0_vendre_133_m%C2%B2_%C3%A0_Casablanca_57480288.htm
Bel appartement à vendre à Hay Charaf,740000,"Appartements dans Marrakech, Hay Charaf",98 m²,2 chambres,1 sdb,https://www.avito.ma/fr/hay_charaf/appartements/Bel_appartement_%C3%A0_vendre_%C3%A0_Hay_Charaf_56524472.htm
Appartement à vendre 88 m² à Tanger Tanja Balia,750000,"Appartements dans Tanger, Tanja Balia",88 m²,2 chambres,1 sdb,https://www.avito.ma/fr/tanja_balia/appartements/Appartement_%C3%A0_vendre_88_m%C2%B2_%C3%A0_Tanger_Tanja_Balia_55923156.htm
Appartement à vendre 99 m² à Casablanca,950000,"Appartements dans Casablanca, Sidi Maarouf",87 m²,3 chambres,2 sdbs,https://www.avito.ma/fr/sidi_maarouf/appartements/Appartement_%C3%A0_vendre_99_m%C2%B2_%C3%A0_Casablanca_56666374.htm
Appartements à vendre – Immeuble de standing,,"Appartements dans Casablanca, Val Fleuri",77 m²,2 chambres,2 sdbs,https://www.avito.ma/fr/val_fleuri/appartements/Appartements_%C3%A0_vendre___Immeuble_de_standing_57870304.htm
STUDIO à vendre Jnan Awrad Marrakech,955000,"Appartements dans Marrakech, Route de Casablanca",49 m²,1 chambre,1 sdb,https://www.avito.ma/fr/route_de_casablanca/appartements/STUDIO_%C3%A0_vendre_Jnan_Awrad_Marrakech_57870301.htm
Appartement Hay dakhla,,"Appartements dans Agadir, Hay Dakhla",62 m²,2 chambres,2 sdbs,https://www.avito.ma/fr/hay_dakhla/appartements/Appartement_Hay_dakhla_57604984.htm
Appartement à vendre 48 m² à Agadir,490000,"Appartements dans Agadir, Hay Salam",48 m²,2 chambres,2 sdbs,https://www.avito.ma/fr/hay_salam/appartements/Appartement_%C3%A0_vendre_48_m%C2%B2_%C3%A0_Agadir_57870289.htm
Appartement Tilila,,"Appartements dans Agadir, Tilila",90 m²,3 chambres,2 sdbs,https://www.avito.ma/fr/tilila/appartements/Appartement_Tilila_57828026.htm
Studio à vendre à Palmier,1250000,"Appartements dans Casablanca, Palmier",,1 chambre,1 sdb,https://www.avito.ma/fr/palmier/appartements/Studio_%C3%A0_vendre_%C3%A0_Palmier_57748665.htm
Bel appartement de 66 m2 à vendre,367000,"Appartements dans Sidi Hajjaj Oued Hassar, Toute la ville",66 m²,2 chambres,1 sdb,https://www.avito.ma/fr/sidi_hajjaj_oued_hassar/appartements/Bel_appartement_de_66_m2_%C3%A0_vendre_57609769.htm
Appartement à vendre 122m² Casablanca Mers sultan,1366400,"Appartements dans Casablanca, Mers Sultan",appartement à vendre 122m² casablanca mers sultan,3 chambres,1 sdb,https://www.avito.ma/fr/mers_sultan/appartements/Appartement_%C3%A0_vendre_122m%C2%B2_Casablanca_Mers_sultan_56403599.htm
Appartement Meftah Anza,580000,"Appartements dans Agadir, Anza",40 m²,1 chambre,1 sdb,https://www.avito.ma/fr/anza/appartements/Appartement_Meftah_Anza_57864938.htm
Un appartement,1100000,"Appartements dans Meknès, Hamria",200 m²,3 chambres,2 sdbs,https://www.avito.ma/fr/hamria/appartements/Un_appartement_57792800.htm
Appartements de luxe à vendre,890000,"Appartements dans Kénitra, Val Fleury",124 m²,3 chambres,2 sdbs,https://www.avito.ma/fr/val_fleury/appartements/Appartements_de_luxe_%C3%A0_vendre_57665875.htm
Appartement près de Souk Lhad,,"Appartements dans Agadir, Hay Massira",131 m²,2 chambres,2 sdbs,https://www.avito.ma/fr/hay_massira/appartements/Appartement_pr%C3%A8s_de_Souk_Lhad_57196683.htm
Bel appartement terrasse à Essaouira,850000,"Appartements dans Essaouira, Centre ville",62 m²,1 chambre,1 sdb,https://www.avito.ma/fr/centre_ville/appartements/Bel_appartement_terrasse_%C3%A0_Essaouira_57277766.htm
Appartement à vendre 61 m² à Marrakech,1530000,"Appartements dans Marrakech, Guéliz",61 m²,1 chambre,1 sdb,https://www.avito.ma/fr/gu%C3%A9liz/appartements/Appartement_%C3%A0_vendre_61_m%C2%B2_%C3%A0_Marrakech_57656693.htm
Résidence Shama Bay Haut Standing à Dar Bouazza,,"Appartements dans Dar Bouazza, Toute la ville",88 m²,2 chambres,2 sdbs,https://www.avito.ma/fr/dar_bouazza/appartements/R%C3%A9sidence_Shama_Bay_Haut_Standing_%C3%A0_Dar_Bouazza_56630853.htm
Appartement à vendre 39 m² à Marrakech,698500,"Appartements dans Marrakech, Route d'Amezmiz",44 m²,1 chambre,1 sdb,https://www.avito.ma/fr/route_d_amezmiz/appartements/Appartement_%C3%A0_vendre_39_m%C2%B2_%C3%A0_Marrakech_57611206.htm
Studios à vendre à Zenata,740000,"Appartements dans Zenata, Toute la ville",50 m²,1 chambre,1 sdb,https://www.avito.ma/fr/zenata/appartements/Studios_%C3%A0_vendre_%C3%A0_Zenata_57102334.htm
Appartement hay dakhla,,"Appartements dans Agadir, Hay Dakhla",75 m²,2 chambres,2 sdbs,https://www.avito.ma/fr/hay_dakhla/appartements/Appartement_hay_dakhla_57509759.htm
"Appartement ""Soumi Vini"" dans un quartier chic près de la mosquée et sans intérêt",380000,"Appartements dans Benslimane, Autre secteur",126 m²,3 chambres,1 sdb,https://www.avito.ma/fr/autre_secteur/appartements/Appartement__Soumi_Vini__dans_un_quartier_chic_pr%C3%A8s_de_la_mosqu%C3%A9e_et_sans_int%C3%A9r%C3%AAt_57737989.htm
Triplex de 200m² à 200m avenue ibn badis,1120000,"Appartements dans El Jadida, Autre secteur",203 m²,3 chambres,1 sdb,https://www.avito.ma/fr/autre_secteur/appartements/Triplex_de_200m%C2%B2_%C3%A0_200m_avenue_ibn_badis_57052573.htm
Appartement à vendre 129 m² à Casablanca,1650000,"Appartements dans Casablanca, Almaz",146 m²,3 chambres,3 sdbs,https://www.avito.ma/fr/almaz/appartements/Appartement_%C3%A0_vendre_129_m%C2%B2_%C3%A0_Casablanca_57503328.htm
Studios neufs à partir de 45m2 livraison Juin 2026,27500,"Appartements dans Marrakech, Guéliz",45 m²,1 chambre,1 sdb,https://www.avito.ma/fr/gu%C3%A9liz/appartements/Studios_neufs_%C3%A0_partir_de_45m2_livraison_Juin_2026_57847416.htm
Quartier Al Mostakbal,,"Appartements dans Casablanca, Sidi Othmane",97 m²,2 chambres,2 sdbs,https://www.avito.ma/fr/sidi_othmane/appartements/Quartier_Al_Mostakbal_57870197.htm
Appartement à vendre Lovallon,470000,"Appartements dans Kénitra, Autre secteur",68 m²,2 chambres,1 sdb,https://www.avito.ma/fr/autre_secteur/appartements/Appartement_%C3%A0_vendre_Lovallon_57870200.htm
Annonce sérieuse,530000,"Appartements dans Casablanca, Sidi Bernoussi",71 m²,2 chambres,1 sdb,https://www.avito.ma/fr/sidi_bernoussi/appartements/Annonce_s%C3%A9rieuse_57870192.htm
Appartement à vendre 92 m² à boustane El Jadida,660000,"Appartements dans El Jadida, Al Boustane",92 m²,2 chambres,1 sdb,https://www.avito.ma/fr/al_boustane/appartements/Appartement_%C3%A0_vendre_92_m%C2%B2_%C3%A0_boustane_El_Jadida_57179527.htm
Appartement Hamria,1150000,"Appartements dans Meknès, Hamria",143 m²,3 chambres,3 sdbs,https://www.avito.ma/fr/hamria/appartements/Appartement_Hamria_57870187.htm
Appartement à vendre 65 m² à Mohammedia,510000,"Appartements dans Mohammedia, Autre secteur",65 m²,2 chambres,1 sdb,https://www.avito.ma/fr/autre_secteur/appartements/Appartement_%C3%A0_vendre_65_m%C2%B2_%C3%A0_Mohammedia_57864811.htm
Appartement Zineb,3200000,"Appartements dans Casablanca, Racine",204 m²,3 chambres,3 sdbs,https://www.avito.ma/fr/racine/appartements/Appartement_Zineb_57870113.htm
Super appart 92m2 ensoleillé sur parc,1300000,"Appartements dans Mohammedia, Quartier du Parc",92 m²,2 chambres,0 sdb,https://www.avito.ma/fr/quartier_du_parc/appartements/Super_appart_92m2_ensoleill%C3%A9_sur_parc_55947491.htm
Appartement de 3 chambres à vendre à Maamora,1330000,"Appartements dans Kénitra, Maamora",130 m²,3 chambres,2 sdbs,https://www.avito.ma/fr/maamora/appartements/Appartement_de_3_chambres_%C3%A0_vendre_%C3%A0_Maamora_57207136.htm
Appartement à vendre 75 m² à Essaouira,1000000,"Appartements dans Essaouira, Centre ville",75 m²,3 chambres,2 sdbs,https://www.avito.ma/fr/centre_ville/appartements/Appartement_%C3%A0_vendre_75_m%C2%B2_%C3%A0_Essaouira_57767821.htm
Duplex meublé à vendre centre ville,620000,"Appartements dans Kénitra, Centre",75 m²,2 chambres,2 sdbs,https://www.avito.ma/fr/centre/appartements/Duplex_meubl%C3%A9_%C3%A0_vendre_centre_ville_56842888.htm
Appartement à vendre 140 m² à Bouznika,760000,"Appartements dans Bouznika, Autre secteur",146 m²,3 chambres,2 sdbs,https://www.avito.ma/fr/autre_secteur/appartements/Appartement_%C3%A0_vendre_140_m%C2%B2_%C3%A0_Bouznika_56060026.htm
Appt 92m2 ensoleillé sur Wafa,540000,"Appartements dans Mohammedia, Wafa",,2 chambres,1 sdb,https://www.avito.ma/fr/wafa/appartements/Appt_92m2_ensoleill%C3%A9_sur_Wafa_55947168.htm
Appartement à vendre à Témara Tariq Ibn Ziyad,750000,"Appartements dans Temara, Autre secteur",,2 chambres,1 sdb,https://www.avito.ma/fr/autre_secteur/appartements/Appartement_%C3%A0_vendre_%C3%A0_T%C3%A9mara_Tariq_Ibn_Ziyad_57870078.htm
Témara El Namsiya Tarek Ben Ziad,,"Appartements dans Temara, Nemsia",98 m²,3 chambres,2 sdbs,https://www.avito.ma/fr/nemsia/appartements/T%C3%A9mara_El_Namsiya_Tarek_Ben_Ziad_57870056.htm
Appartement à vendre 199 m² à Boulevard Zerktouni,3800000,"Appartements dans Casablanca, Maarif",199 m²,3 chambres,3 sdbs,https://www.avito.ma/fr/maarif/appartements/Appartement_%C3%A0_vendre_199_m%C2%B2_%C3%A0_Boulevard_Zerktouni_57706141.htm
Appartements enregistrés éligibles au soutien de 7 millions,480000,"Appartements dans Martil, Toute la ville",50 m²,2 chambres,1 sdb,https://www.avito.ma/fr/martil/appartements/Appartements_enregistr%C3%A9s_%C3%A9ligibles_au_soutien_de_7_millions_57870038.htm
Appartement à vendre 56 m² à Casablanca,320000,"Appartements dans Casablanca, Lissasfa",appartement à vendre 56 m² à casablanca,2 chambres,1 sdb,https://www.avito.ma/fr/lissasfa/appartements/Appartement_%C3%A0_vendre_56_m%C2%B2_%C3%A0_Casablanca_57855839.htm
Appartements de luxe à vendre,,"Appartements dans Mohammedia, Riad 2",87 m²,2 chambres,1 sdb,https://www.avito.ma/fr/riad_2/appartements/Appartements_de_luxe_%C3%A0_vendre_53343428.htm
Appartement à vendre à Mehdia,,"Appartements dans Mehdia, Toute la ville",,3 chambres,1 sdb,https://www.avito.ma/fr/mehdia/appartements/Appartement_%C3%A0_vendre_%C3%A0_Mehdia_57870017.htm
Magnifique appartement meublé front de mer,3200000,"Appartements dans Sidi Bouknadel, Toute la ville",,3 chambres,3 sdbs,https://www.avito.ma/fr/sidi_bouknadel/appartements/Magnifique_appartement_meubl%C3%A9_front_de_mer_56008340.htm
Appartement à vendre titré,1150000,"Appartements dans Agadir, Hay Mohammadi",86 m²,3 chambres,2 sdbs,https://www.avito.ma/fr/hay_mohammadi/appartements/Appartement_%C3%A0_vendre_titr%C3%A9_57869854.htm
Appartement à vendre dans le quartier Al-Zahour près de l'école Al-Arabi et Marjane,540000,"Appartements dans Marrakech, Hay Izdihar",50 m²,2 chambres,1 sdb,https://www.avito.ma/fr/hay_izdihar/appartements/Appartement_%C3%A0_vendre_dans_le_quartier_Al_Zahour_pr%C3%A8s_de_l_%C3%A9cole_Al_Arabi_et_Marjane_55171784.htm
Appartement à vendre 70 m² au Vizir Center à Marrakech,1250000,"Appartements dans Marrakech, Route de Casablanca",70 m²,1 chambre,2 sdbs,https://www.avito.ma/fr/route_de_casablanca/appartements/Appartement_%C3%A0_vendre_70_m%C2%B2_au_Vizir_Center_%C3%A0_Marrakech_57822484.htm
Excellent appartement à vendre dans le quartier de Cherf près de Marjane,740000,"Appartements dans Marrakech, Hay Charaf",98 m²,2 chambres,1 sdb,https://www.avito.ma/fr/hay_charaf/appartements/Excellent_appartement_%C3%A0_vendre_dans_le_quartier_de_Cherf_pr%C3%A8s_de_Marjane_55906192.htm
Appartements de qualité à vendre à Ain Atiq,850000,"Appartements dans Temara, Ain Atig",88 m²,3 chambres,1 sdb,https://www.avito.ma/fr/ain_atig/appartements/Appartements_de_qualit%C3%A9_%C3%A0_vendre_%C3%A0_Ain_Atiq_56687150.htm
Appartement d’exception front mer- Tamaris Premium,2000000,"Appartements dans Tamaris, Toute la ville",117 m²,2 chambres,1 sdb,https://www.avito.ma/fr/tamaris/appartements/Appartement_d_exception_front_mer__Tamaris_Premium_57728469.htm
Appartement à vendre 110 m² à Casablanca,2000000,"Appartements dans Casablanca, Beauséjour",110 m²,2 chambres,2 sdbs,https://www.avito.ma/fr/beaus%C3%A9jour/appartements/Appartement_%C3%A0_vendre_110_m%C2%B2_%C3%A0_Casablanca_53752612.htm
Appartement à vendre 83 m² à Ain sebaa,1080000,"Appartements dans Casablanca, Ain Sebaa",83 m²,3 chambres,2 sdbs,https://www.avito.ma/fr/ain_sebaa/appartements/Appartement_%C3%A0_vendre_83_m%C2%B2_%C3%A0_Ain_sebaa_57361684.htm
Magnifique Appartement à vendre 77 m² à Marrakech,1078000,"Appartements dans Marrakech, Hay Izdihar",77 m²,2 chambres,2 sdbs,https://www.avito.ma/fr/hay_izdihar/appartements/Magnifique_Appartement_%C3%A0_vendre_77_m%C2%B2_%C3%A0_Marrakech_57790009.htm
Appartement à vendre 58 m² à Marrakech,1600000,"Appartements dans Marrakech, Route de Tahanaoute",60 m²,1 chambre,1 sdb,https://www.avito.ma/fr/route_de_tahanaoute/appartements/Appartement_%C3%A0_vendre_58_m%C2%B2_%C3%A0_Marrakech_57371568.htm
Appartement à vendre 140 m² à PRESTIGIA,2800000,"Appartements dans Bouskoura, Ville verte",160 m²,3 chambres,3 sdbs,https://www.avito.ma/fr/ville_verte/appartements/Appartement_%C3%A0_vendre_140_m%C2%B2_%C3%A0_PRESTIGIA_57608848.htm
Témara El Namsiya Tarek Ben Ziad,,"Appartements dans Temara, Nemsia",98 m²,3 chambres,2 sdbs,https://www.avito.ma/fr/nemsia/appartements/T%C3%A9mara_El_Namsiya_Tarek_Ben_Ziad_57870056.htm
Appartement à vendre 199 m² à Boulevard Zerktouni,3800000,"Appartements dans Casablanca, Maarif",199 m²,3 chambres,3 sdbs,https://www.avito.ma/fr/maarif/appartements/Appartement_%C3%A0_vendre_199_m%C2%B2_%C3%A0_Boulevard_Zerktouni_57706141.htm
Appartements enregistrés éligibles au soutien de 7 millions,480000,"Appartements dans Martil, Toute la ville",50 m²,2 chambres,1 sdb,https://www.avito.ma/fr/martil/appartements/Appartements_enregistr%C3%A9s_%C3%A9ligibles_au_soutien_de_7_millions_57870038.htm
Appartements de luxe à vendre,,"Appartements dans Mohammedia, Riad 2",87 m²,2 chambres,1 sdb,https://www.avito.ma/fr/riad_2/appartements/Appartements_de_luxe_%C3%A0_vendre_53343428.htm
Appartement à vendre à Mehdia,,"Appartements dans Mehdia, Toute la ville",,3 chambres,1 sdb,https://www.avito.ma/fr/mehdia/appartements/Appartement_%C3%A0_vendre_%C3%A0_Mehdia_57870017.htm
Appartement à vendre 56 m² à Casablanca,320000,"Appartements dans Casablanca, Lissasfa",appartement à vendre 56 m² à casablanca,2 chambres,1 sdb,https://www.avito.ma/fr/lissasfa/appartements/Appartement_%C3%A0_vendre_56_m%C2%B2_%C3%A0_Casablanca_57855839.htm
Magnifique appartement meublé front de mer,3200000,"Appartements dans Sidi Bouknadel, Toute la ville",,3 chambres,3 sdbs,https://www.avito.ma/fr/sidi_bouknadel/appartements/Magnifique_appartement_meubl%C3%A9_front_de_mer_56008340.htm
Appartement à vendre titré,1150000,"Appartements dans Agadir, Hay Mohammadi",86 m²,3 chambres,2 sdbs,https://www.avito.ma/fr/hay_mohammadi/appartements/Appartement_%C3%A0_vendre_titr%C3%A9_57869854.htm
Appartement à vendre dans le quartier Al-Zahour près de l'école Al-Arabi et Marjane,540000,"Appartements dans Marrakech, Hay Izdihar",50 m²,2 chambres,1 sdb,https://www.avito.ma/fr/hay_izdihar/appartements/Appartement_%C3%A0_vendre_dans_le_quartier_Al_Zahour_pr%C3%A8s_de_l_%C3%A9cole_Al_Arabi_et_Marjane_55171784.htm
Excellent appartement à vendre dans le quartier de Cherf près de Marjane,740000,"Appartements dans Marrakech, Hay Charaf",98 m²,2 chambres,1 sdb,https://www.avito.ma/fr/hay_charaf/appartements/Excellent_appartement_%C3%A0_vendre_dans_le_quartier_de_Cherf_pr%C3%A8s_de_Marjane_55906192.htm
Appartement à vendre 70 m² au Vizir Center à Marrakech,1250000,"Appartements dans Marrakech, Route de Casablanca",70 m²,1 chambre,2 sdbs,https://www.avito.ma/fr/route_de_casablanca/appartements/Appartement_%C3%A0_vendre_70_m%C2%B2_au_Vizir_Center_%C3%A0_Marrakech_57822484.htm
Appartements de qualité à vendre à Ain Atiq,850000,"Appartements dans Temara, Ain Atig",88 m²,3 chambres,1 sdb,https://www.avito.ma/fr/ain_atig/appartements/Appartements_de_qualit%C3%A9_%C3%A0_vendre_%C3%A0_Ain_Atiq_56687150.htm
Appartement d’exception front mer- Tamaris Premium,2000000,"Appartements dans Tamaris, Toute la ville",117 m²,2 chambres,1 sdb,https://www.avito.ma/fr/tamaris/appartements/Appartement_d_exception_front_mer__Tamaris_Premium_57728469.htm
Appartement à vendre 110 m² à Casablanca,2000000,"Appartements dans Casablanca, Beauséjour",110 m²,2 chambres,2 sdbs,https://www.avito.ma/fr/beaus%C3%A9jour/appartements/Appartement_%C3%A0_vendre_110_m%C2%B2_%C3%A0_Casablanca_53752612.htm
Appartement à vendre 83 m² à Ain sebaa,1080000,"Appartements dans Casablanca, Ain Sebaa",83 m²,3 chambres,2 sdbs,https://www.avito.ma/fr/ain_sebaa/appartements/Appartement_%C3%A0_vendre_83_m%C2%B2_%C3%A0_Ain_sebaa_57361684.htm
Appartement à vendre 79m² à Ain Sebaa,948000,"Appartements dans Casablanca, Ain Sebaa",79 m²,3 chambres,2 sdbs,https://www.avito.ma/fr/ain_sebaa/appartements/Appartement_%C3%A0_vendre_79m%C2%B2_%C3%A0_Ain_Sebaa_57279649.htm
Appartement bien ensoleillé à vendre,660000,"Appartements dans El Jadida, Hay Essalam",100 m²,2 chambres,2 sdbs,https://www.avito.ma/fr/hay_essalam/appartements/Appartement_bien_ensoleill%C3%A9_%C3%A0_vendre_57869828.htm
Appartement à vendre 140 m² la marina Casablanca,3900000,"Appartements dans Casablanca, Marina",155 m²,2 chambres,3 sdbs,https://www.avito.ma/fr/marina/appartements/Appartement_%C3%A0_vendre_140_m%C2%B2_la_marina_Casablanca_56471980.htm
Appartement à vendre 125 m² Sidi abbad Marrakech,1450000,"Appartements dans Marrakech, Sidi Abbad",125 m²,3 chambres,2 sdbs,https://www.avito.ma/fr/sidi_abbad/appartements/Appartement_%C3%A0_vendre_125_m%C2%B2_Sidi_abbad_Marrakech_57374133.htm
Appart d exception à Agdal Marrakech pour investir,2000000,"Appartements dans Marrakech, Agdal",,2 chambres,2 sdbs,https://www.avito.ma/fr/agdal/appartements/Appart_d_exception_%C3%A0_Agdal_Marrakech_pour_investir_57588128.htm
Appartement à vendre Quartier Victor Hugo,1600000,"Appartements dans Marrakech, Guéliz",,2 chambres,2 sdbs,https://www.avito.ma/fr/gu%C3%A9liz/appartements/Appartement_%C3%A0_vendre_Quartier_Victor_Hugo_57869809.htm
Appartement en face zone villa,520000,"Appartements dans Kénitra, Seyad",68 m²,2 chambres,1 sdb,https://www.avito.ma/fr/seyad/appartements/Appartement_en_face_zone_villa_57279509.htm
Appartements de luxe à vendre avec vue sur mer,35,"Appartements dans Azla, Toute la ville",80 m²,2 chambres,1 sdb,https://www.avito.ma/fr/azla/appartements/Appartements_de_luxe_%C3%A0_vendre_avec_vue_sur_mer_56453247.htm
Appartement à vendre 144m² au Quartier des Hôpitaux,,"Appartements dans Casablanca, 2 Mars",144 m²,2 chambres,3 sdbs,https://www.avito.ma/fr/2_mars/appartements/Appartement_%C3%A0_vendre_144m%C2%B2_au_Quartier_des_H%C3%B4pitaux_57869794.htm
APPARTEMENT RÉSIDENCE TAOUIRT TAGHAZOUT BAY,3200000,"Appartements dans Agadir, Tamraght",99 m²,1 chambre,2 sdbs,https://www.avito.ma/fr/tamraght/appartements/APPARTEMENT_R%C3%89SIDENCE_TAOUIRT_TAGHAZOUT_BAY_57812541.htm
Magnifique appartement à vendre route Casablanca,1200000,"Appartements dans Marrakech, Route de Casablanca",,2 chambres,1 sdb,https://www.avito.ma/fr/route_de_casablanca/appartements/Magnifique_appartement_%C3%A0_vendre_route_Casablanca_57869793.htm
appartement à Bahia Golf beach,1949000,"Appartements dans Bouznika, Autre secteur",121 m²,3 chambres,2 sdbs,https://www.avito.ma/fr/autre_secteur/appartements/appartement_%C3%A0_Bahia_Golf_beach_57728547.htm
"Appartement à vendre, 2 Mars Casablanca",2400000,"Appartements dans Casablanca, 2 Mars",159 m²,3 chambres,3 sdbs,https://www.avito.ma/fr/2_mars/appartements/Appartement_%C3%A0_vendre__2_Mars_Casablanca_57807245.htm
Appt titré 121m² 3ch avec Parking Maamora Kénitra,900000,"Appartements dans Kénitra, Maamora",121 m²,3 chambres,1 sdb,https://www.avito.ma/fr/maamora/appartements/Appt_titr%C3%A9_121m%C2%B2_3ch_avec_Parking_Maamora_K%C3%A9nitra_57556339.htm
Nouveau projet à Malabata Hills,,"Appartements dans Tanger, Sania",96 m²,2 chambres,2 sdbs,https://www.avito.ma/fr/sania/appartements/Nouveau_projet_%C3%A0_Malabata_Hills_55482283.htm
Appartement à vendre 82 m² à Kénitra,640000,"Appartements dans Kénitra, alliance",82 m²,2 chambres,2 sdbs,https://www.avito.ma/fr/alliance/appartements/Appartement_%C3%A0_vendre_82_m%C2%B2_%C3%A0_K%C3%A9nitra_57403368.htm
Appartement de Luxe 270 m²–Hay Riad Rabat,8000000,"Appartements dans Rabat, Hay Riad",270 m²,3 chambres,4 sdbs,https://www.avito.ma/fr/hay_riad/appartements/Appartement_de_Luxe_270_m%C2%B2_Hay_Riad_Rabat_57801889.htm
Bel appartement à Jnane Californie,1690000,"Appartements dans Casablanca, Mandarona",123 m²,2 chambres,2 sdbs,https://www.avito.ma/fr/mandarona/appartements/Bel_appartement_%C3%A0_Jnane_Californie_57864480.htm
Appartement RDC meublé 60m² Route de Guemassa,610000,"Appartements dans Marrakech, M'Hamid",appartement rdc meublé 60m² route de guemassa,2 chambres,1 sdb,https://www.avito.ma/fr/m_hamid/appartements/Appartement_RDC_meubl%C3%A9_60m%C2%B2_Route_de_Guemassa_57826966.htm
appartement deux salons à sidi bernoussi,600000,"Appartements dans Casablanca, Sidi Bernoussi",86 m²,2 chambres,2 sdbs,https://www.avito.ma/fr/sidi_bernoussi/appartements/appartement_deux_salons_%C3%A0_sidi_bernoussi_57869760.htm
Appartement de Luxe 270 m²–Hay Riad Rabat,8000000,"Appartements dans Rabat, Hay Riad",270 m²,3 chambres,4 sdbs,https://www.avito.ma/fr/hay_riad/appartements/Appartement_de_Luxe_270_m%C2%B2_Hay_Riad_Rabat_57801889.htm
Appartement 74 m² à ALMAZ,830000,"Appartements dans Casablanca, Almaz",74 m²,2 chambres,1 sdb,https://www.avito.ma/fr/almaz/appartements/Appartement_74_m%C2%B2_%C3%A0_ALMAZ_57443082.htm
Appartement à vendre 99 m² à Casablanca,950000,"Appartements dans Casablanca, Sidi Maarouf",87 m²,3 chambres,2 sdbs,https://www.avito.ma/fr/sidi_maarouf/appartements/Appartement_%C3%A0_vendre_99_m%C2%B2_%C3%A0_Casablanca_56666374.htm
Appartements à vendre 137 m² à Marrakech,2400000,"Appartements dans Marrakech, Guéliz",appartements à vendre 137 m² à marrakech,3 chambres,2 sdbs,https://www.avito.ma/fr/gu%C3%A9liz/appartements/Appartements_%C3%A0_vendre_137_m%C2%B2_%C3%A0_Marrakech_57274587.htm
Appartement à Bouznika,520000,"Appartements dans Bouznika, Autre secteur",,2 chambres,2 sdbs,https://www.avito.ma/fr/autre_secteur/appartements/Appartement_%C3%A0_Bouznika_57112944.htm
Appartement à vendre 256 m² à Tanger,1900000,"Appartements dans Tanger, Achakar",256 m²,3 chambres,3 sdbs,https://www.avito.ma/fr/achakar/appartements/Appartement_%C3%A0_vendre_256_m%C2%B2_%C3%A0_Tanger_57767426.htm
Appartement à vendre 120 m² à Tanger,2500000,"Appartements dans Tanger, Autre secteur",165 m²,2 chambres,2 sdbs,https://www.avito.ma/fr/autre_secteur/appartements/Appartement_%C3%A0_vendre_120_m%C2%B2_%C3%A0_Tanger_57778013.htm
Appartement Avec Terrasse à vendre à Tamraght,1030000,"Appartements dans Agadir, Tamraght",80 m²,2 chambres,2 sdbs,https://www.avito.ma/fr/tamraght/appartements/Appartement_Avec_Terrasse_%C3%A0_vendre_%C3%A0_Tamraght_57414199.htm
hamza had soualem fiha 70000dh da3d,500000,"Appartements dans Had Soualem, Toute la ville",74 m²,2 chambres,2 sdbs,https://www.avito.ma/fr/had_soualem/appartements/hamza_had_soualem_fiha_70000dh_da3d_54050262.htm
Appartement à vendre 176 m² à Tanger,3500000,"Appartements dans Tanger, Administratif",176 m²,4 chambres,2 sdbs,https://www.avito.ma/fr/administratif/appartements/Appartement_%C3%A0_vendre_176_m%C2%B2_%C3%A0_Tanger_57778075.htm
Appartement à vendre 70 m² à Tanger,1200000,"Appartements dans Tanger, Hay Hassani",appartement à vendre 70 m² à tanger,2 chambres,1 sdb,https://www.avito.ma/fr/hay_hassani/appartements/Appartement_%C3%A0_vendre_70_m%C2%B2_%C3%A0_Tanger_57778111.htm
À vendre appartement de luxe à malabata hills,8000000,"Appartements dans Tanger, Sania",366 m²,3 chambres,2 sdbs,https://www.avito.ma/fr/sania/appartements/%C3%80_vendre_appartement_de_luxe_%C3%A0_malabata_hills_57061349.htm
Appartement à vendre 68 m² à Kénitra,340000,"Appartements dans Kénitra, Bir Rami",68 m²,2 chambres,1 sdb,https://www.avito.ma/fr/bir_rami/appartements/Appartement_%C3%A0_vendre_68_m%C2%B2_%C3%A0_K%C3%A9nitra_57694394.htm
Appartement à vendre 70 m² à Kénitra,340000,"Appartements dans Kénitra, Bir Rami",70 m²,2 chambres,1 sdb,https://www.avito.ma/fr/bir_rami/appartements/Appartement_%C3%A0_vendre_70_m%C2%B2_%C3%A0_K%C3%A9nitra_57806806.htm
"Appartement 124 m² – Centre Ville, Tanger",1800000,"Appartements dans Tanger, Centre ville",124 m²,3 chambres,2 sdbs,https://www.avito.ma/fr/centre_ville/appartements/Appartement_124_m%C2%B2___Centre_Ville__Tanger_57723798.htm
Appartement à vendre 94 m² à Kénitra,680000,"Appartements dans Kénitra, Seyad",94 m²,2 chambres,2 sdbs,https://www.avito.ma/fr/seyad/appartements/Appartement_%C3%A0_vendre_94_m%C2%B2_%C3%A0_K%C3%A9nitra_57806366.htm
Appartement à vendre 90 m² à Kénitra,600000,"Appartements dans Kénitra, Seyad",90 m²,3 chambres,1 sdb,https://www.avito.ma/fr/seyad/appartements/Appartement_%C3%A0_vendre_90_m%C2%B2_%C3%A0_K%C3%A9nitra_57491963.htm
Appartement à vendre 90 m² à Kénitra,660000,"Appartements dans Kénitra, Mimosas",90 m²,2 chambres,1 sdb,https://www.avito.ma/fr/mimosas/appartements/Appartement_%C3%A0_vendre_90_m%C2%B2_%C3%A0_K%C3%A9nitra_57726965.htm
Appartement à vendre 95 m² à Kénitra,490000,"Appartements dans Kénitra, Bir Rami",95 m²,3 chambres,2 sdbs,https://www.avito.ma/fr/bir_rami/appartements/Appartement_%C3%A0_vendre_95_m%C2%B2_%C3%A0_K%C3%A9nitra_57806454.htm
Appartement à vendre 80 m² à Kénitra,610000,"Appartements dans Kénitra, Seyad",80 m²,2 chambres,2 sdbs,https://www.avito.ma/fr/seyad/appartements/Appartement_%C3%A0_vendre_80_m%C2%B2_%C3%A0_K%C3%A9nitra_57806414.htm
Appartement à vendre 329 m² à Fès,2300000,"Appartements dans Fès, Champ de course",329 m²,3 chambres,3 sdbs,https://www.avito.ma/fr/champ_de_course/appartements/Appartement_%C3%A0_vendre_329_m%C2%B2_%C3%A0_F%C3%A8s_57661838.htm
Appartement 86m² à vendre – Al Azdihar Marrakech,1300000,"Appartements dans Marrakech, Hay Izdihar",86 m²,2 chambres,2 sdbs,https://www.avito.ma/fr/hay_izdihar/appartements/Appartement_86m%C2%B2_%C3%A0_vendre___Al_Azdihar_Marrakech_57834491.htm
LES PRINCESSES JOLI APPARTEMENT NEUF À VENDRE,1470000,"Appartements dans Casablanca, Gauthier",66 m²,2 chambres,1 sdb,https://www.avito.ma/fr/gauthier/appartements/LES_PRINCESSES_JOLI_APPARTEMENT_NEUF_%C3%80_VENDRE_57734105.htm
Super Appartement Vue sur Mer à Dar Bouazza,2390000,"Appartements dans Dar Bouazza, Toute la ville",132 m²,3 chambres,2 sdbs,https://www.avito.ma/fr/dar_bouazza/appartements/Super_Appartement_Vue_sur_Mer_%C3%A0_Dar_Bouazza_57692835.htm
Appartement à vendre à Berrechid El Qabbah,340000,"Appartements dans Berrechid, Toute la ville",70 m²,2 chambres,1 sdb,https://www.avito.ma/fr/berrechid/appartements/Appartement_%C3%A0_vendre_%C3%A0_Berrechid_El_Qabbah_57707198.htm
Appartement de Grande Superficie 93 m²,850000,"Appartements dans Marrakech, Hay Charaf",93 m²,2 chambres,1 sdb,https://www.avito.ma/fr/hay_charaf/appartements/Appartement_de_Grande_Superficie_93_m%C2%B2_57807028.htm
Appartement à vendre 123 m² à Tanger,3500000,"Appartements dans Tanger, Centre ville",202 m²,3 chambres,3 sdbs,https://www.avito.ma/fr/centre_ville/appartements/Appartement_%C3%A0_vendre_123_m%C2%B2_%C3%A0_Tanger_57854903.htm
Vente appartement 50m Haut Agdal,1550000,"Appartements dans Rabat, Agdal",50 m²,1 chambre,1 sdb,https://www.avito.ma/fr/agdal/appartements/Vente_appartement_50m_Haut_Agdal_57842666.htm
Appartement divisé en 2 studios à 2 min de Marina,3200000,"Appartements dans Tanger, Autre secteur",84 m²,2 chambres,2 sdbs,https://www.avito.ma/fr/autre_secteur/appartements/Appartement_divis%C3%A9_en_2_studios_%C3%A0_2_min_de_Marina_57108799.htm
Appartement à vendre à Yassmine Bouskoura,,"Appartements dans Bouskoura, Bouskoura centre",51 m²,2 chambres,2 sdbs,https://www.avito.ma/fr/bouskoura_centre/appartements/Appartement_%C3%A0_vendre_%C3%A0_Yassmine_Bouskoura_57606117.htm
Studio RACINE avec grande terrasse à vendre,1300000,"Appartements dans Casablanca, Racine",74 m²,1 chambre,1 sdb,https://www.avito.ma/fr/racine/appartements/Studio_RACINE_avec_grande_terrasse_%C3%A0_vendre_57685728.htm
Appartement à vendre Abdelatif Ben Kaddour,3500000,"Appartements dans Casablanca, Anfa",,3 chambres,2 sdbs,https://www.avito.ma/fr/anfa/appartements/Appartement_%C3%A0_vendre_Abdelatif_Ben_Kaddour_57554171.htm
Appartement à vendre,550000,"Appartements dans Tanger, Autre secteur",60 m²,2 chambres,1 sdb,https://www.avito.ma/fr/autre_secteur/appartements/Appartement_%C3%A0_vendre_57762062.htm
Appartement titré à vendre. Tétouan Nouvelle Station,550000,"Appartements dans Tétouan, Centre ville",70 m²,2 chambres,1 sdb,https://www.avito.ma/fr/centre_ville/appartements/Appartement_titr%C3%A9_%C3%A0_vendre__T%C3%A9touan_Nouvelle_Station_57869578.htm
Appartement à vendre 57 m² à Sidi Rahal,430000,"Appartements dans Sidi Rahal, Toute la ville",57 m²,2 chambres,1 sdb,https://www.avito.ma/fr/sidi_rahal/appartements/Appartement_%C3%A0_vendre_57_m%C2%B2_%C3%A0_Sidi_Rahal_57869581.htm
À vendre grand appartement deux façades,2200000,"Appartements dans Casablanca, Belvédère",250 m²,5 chambres,3 sdbs,https://www.avito.ma/fr/belv%C3%A9d%C3%A8re/appartements/%C3%80_vendre_grand_appartement_deux_fa%C3%A7ades_57622437.htm
Nouveau projet à malabata hills,,"Appartements dans Tanger, Sania",142 m²,3 chambres,2 sdbs,https://www.avito.ma/fr/sania/appartements/Nouveau_projet_%C3%A0_malabata_hills_53650921.htm
Projet Neuf & Unique de haut Standing au Parc de M...,1820000,"Appartements dans Mohammedia, Quartier du Parc",60 m²,2 chambres,,https://www.avito.ma/fr/quartier_du_parc/appartements/Projet_Neuf___Unique_de_haut_Standing_au_Parc_de_M____56714305.htm
Appartement à vendre 102 m² à Agadir,2750000,"Appartements dans Agadir, Founty",appartement à vendre 102 m² à agadir,2 chambres,3 sdbs,https://www.avito.ma/fr/founty/appartements/Appartement_%C3%A0_vendre_102_m%C2%B2_%C3%A0_Agadir_57094364.htm
Rare Opportunité. Splendide Duplex à Maarif Extension,1520000,"Appartements dans Casablanca, Maârif Extension",,3 chambres,2 sdbs,https://www.avito.ma/fr/ma%C3%A2rif_extension/appartements/Rare_Opportunit%C3%A9__Splendide_Duplex_%C3%A0_Maarif_Extension_57765413.htm
Appartement à vendre 58 m² à Marrakech,1600000,"Appartements dans Marrakech, Route de Tahanaoute",60 m²,1 chambre,1 sdb,https://www.avito.ma/fr/route_de_tahanaoute/appartements/Appartement_%C3%A0_vendre_58_m%C2%B2_%C3%A0_Marrakech_57371568.htm
👉 Appartement 64m² à vendre à Azouzia 2 chambres et salon,400000,"Appartements dans Marrakech, Azzouzia",64 m²,2 chambres,1 sdb,https://www.avito.ma/fr/azzouzia/appartements/___Appartement_64m%C2%B2_%C3%A0_vendre_%C3%A0_Azouzia_2_chambres_et_salon_57838796.htm
Appartements magnifiques et subventionnés à vendre Meknès,520000,"Appartements dans Meknès, Autre secteur",110 m²,3 chambres,2 sdbs,https://www.avito.ma/fr/autre_secteur/appartements/Appartements_magnifiques_et_subventionn%C3%A9s_%C3%A0_vendre_Mekn%C3%A8s_57869566.htm
Appartement à vendre CAP TINGIS,,"Appartements dans Tanger, manar",130 m²,2 chambres,2 sdbs,https://www.avito.ma/fr/manar/appartements/Appartement_%C3%A0_vendre_CAP_TINGIS_57826816.htm
Appartement à vendre sur quartier des hopitaux,1950000,"Appartements dans Casablanca, Quartier des Hôpitaux",136 m²,3 chambres,0 sdb,https://www.avito.ma/fr/quartier_des_h%C3%B4pitaux/appartements/Appartement_%C3%A0_vendre_sur_quartier_des_hopitaux_57627351.htm
Appartement 144m2 centre ville à vendre,,"Appartements dans Casablanca, Anfa",144 m²,3 chambres,1 sdb,https://www.avito.ma/fr/anfa/appartements/Appartement_144m2_centre_ville_%C3%A0_vendre_57826919.htm
Appartement à vendre 170 m² à Tanger,1200000,"Appartements dans Tanger, Aharrarine",170 m²,3 chambres,2 sdbs,https://www.avito.ma/fr/aharrarine/appartements/Appartement_%C3%A0_vendre_170_m%C2%B2_%C3%A0_Tanger_57855479.htm
Duplex luxueux à vendre 318 m² à Racine,4000000,"Appartements dans Casablanca, Racine",318 m²,4 chambres,3 sdbs,https://www.avito.ma/fr/racine/appartements/Duplex_luxueux_%C3%A0_vendre_318_m%C2%B2_%C3%A0_Racine_57639979.htm
Appartement à vendre 68m² à Bouznika,480000,"Appartements dans Bouznika, Autre secteur",72 m²,2 chambres,2 sdbs,https://www.avito.ma/fr/autre_secteur/appartements/Appartement_%C3%A0_vendre_68m%C2%B2_%C3%A0_Bouznika_53253973.htm
Appart à vendre avec garage à Bouznika,760000,"Appartements dans Bouznika, Autre secteur",146 m²,4 chambres,1 sdb,https://www.avito.ma/fr/autre_secteur/appartements/Appart_%C3%A0_vendre_avec_garage_%C3%A0_Bouznika_52394624.htm
Superbe Appartement à vendre 75 m² à Marrakech,1050000,"Appartements dans Marrakech, Hay Izdihar",75 m²,2 chambres,2 sdbs,https://www.avito.ma/fr/hay_izdihar/appartements/Superbe_Appartement_%C3%A0_vendre_75_m%C2%B2_%C3%A0_Marrakech_57790073.htm
Appartement à vendre 80 m² à Salé,,"Appartements dans Salé, Sala El Jadida",appartement à vendre 80 m² à salé,2 chambres,1 sdb,https://www.avito.ma/fr/sala_el_jadida/appartements/Appartement_%C3%A0_vendre_80_m%C2%B2_%C3%A0_Sal%C3%A9_56692707.htm
CMN-SI-1879 - Appartement à vendre à Ziraoui,3480000,"Appartements dans Casablanca, Bourgogne",260 m²,3 chambres,2 sdbs,https://www.avito.ma/fr/bourgogne/appartements/CMN_SI_1879___Appartement_%C3%A0_vendre_%C3%A0_Ziraoui_57331613.htm
Rez-de-chaussée vue piscine à Sidi Rahal,1330000,"Appartements dans Sidi Rahal, Toute la ville",,2 chambres,1 sdb,https://www.avito.ma/fr/sidi_rahal/appartements/Rez_de_chauss%C3%A9e_vue_piscine_%C3%A0_Sidi_Rahal_57506386.htm
Lux petit appartement Tamaris,990000,"Appartements dans Dar Bouazza, Toute la ville",65 m²,1 chambre,1 sdb,https://www.avito.ma/fr/dar_bouazza/appartements/Lux_petit_appartement_Tamaris_57535585.htm
Somptueux appartement à vendre,2850000,"Appartements dans Dar Bouazza, Toute la ville",200 m²,3 chambres,2 sdbs,https://www.avito.ma/fr/dar_bouazza/appartements/Somptueux_appartement_%C3%A0_vendre_57767132.htm
Très bel appartement Oulfa - idéal famille,749000,"Appartements dans Casablanca, Oulfa",112 m²,2 chambres,2 sdbs,https://www.avito.ma/fr/oulfa/appartements/Tr%C3%A8s_bel_appartement_Oulfa___id%C3%A9al_famille_57869521.htm
appartement,850000,"Appartements dans Casablanca, Hay Mohammadi",102 m²,2 chambres,2 sdbs,https://www.avito.ma/fr/hay_mohammadi/appartements/appartement_57869520.htm
Joli Duplex à vendre de 82 m² à Marrakech,1476000,"Appartements dans Marrakech, Guéliz",82 m²,1 chambre,2 sdbs,https://www.avito.ma/fr/gu%C3%A9liz/appartements/Joli_Duplex_%C3%A0_vendre_de_82_m%C2%B2_%C3%A0_Marrakech_57765962.htm
Bel appartement familial,950000,"Appartements dans Agadir, Hay Salam",124 m²,3 chambres,2 sdbs,https://www.avito.ma/fr/hay_salam/appartements/Bel_appartement_familial_57723942.htm
Appartement enregistré et entièrement équipé à vendre,64000000,"Appartements dans Safi, Autre secteur",120 m²,3 chambres,2 sdbs,https://www.avito.ma/fr/autre_secteur/appartements/Appartement_enregistr%C3%A9_et_enti%C3%A8rement_%C3%A9quip%C3%A9_%C3%A0_vendre_57869506.htm
Résidence Shama Bay Haut Standing à Dar Bouazza,,"Appartements dans Dar Bouazza, Toute la ville",88 m²,2 chambres,2 sdbs,https://www.avito.ma/fr/dar_bouazza/appartements/R%C3%A9sidence_Shama_Bay_Haut_Standing_%C3%A0_Dar_Bouazza_56630853.htm
Appartement à vendre 134 m² à Tanger,2546000,"Appartements dans Tanger, De La Plage",134 m²,3 chambres,2 sdbs,https://www.avito.ma/fr/de_la_plage/appartements/Appartement_%C3%A0_vendre_134_m%C2%B2_%C3%A0_Tanger_56300463.htm
Appartement à vendre 153 m² à Tétouan,1989000,"Appartements dans Tétouan, Safir",153 m²,2 chambres,2 sdbs,https://www.avito.ma/fr/safir/appartements/Appartement_%C3%A0_vendre_153_m%C2%B2_%C3%A0_T%C3%A9touan_56915569.htm
Duplex en plein centre Av Med V,1200000,"Appartements dans Kénitra, Mimosas",160 m²,3 chambres,3 sdbs,https://www.avito.ma/fr/mimosas/appartements/Duplex_en_plein_centre_Av_Med_V_57209150.htm
MAARIF PRES TWIN BEL APPARTEMENT A VENDRE 150 m²,2250000,"Appartements dans Casablanca, Maarif",150 m²,3 chambres,2 sdbs,https://www.avito.ma/fr/maarif/appartements/MAARIF_PRES_TWIN_BEL_APPARTEMENT_A_VENDRE_150_m%C2%B2_56113861.htm
Appartement à vendre 186 m² à Tanger,7200000,"Appartements dans Tanger, Malabata",186 m²,4 chambres,2 sdbs,https://www.avito.ma/fr/malabata/appartements/Appartement_%C3%A0_vendre_186_m%C2%B2_%C3%A0_Tanger_57325686.htm
Nouveau Projet à Gzenaya 71 m² à Tanger,,"Appartements dans Tanger, Autre secteur",nouveau projet à gzenaya 71 m² à tanger,2 chambres,1 sdb,https://www.avito.ma/fr/autre_secteur/appartements/Nouveau_Projet_%C3%A0_Gzenaya_71_m%C2%B2_%C3%A0_Tanger_56245884.htm
Appartement à saisir à Sidi Bouzid El Jadida,750000,"Appartements dans El Jadida, Autre secteur",81 m²,2 chambres,1 sdb,https://www.avito.ma/fr/autre_secteur/appartements/Appartement_%C3%A0_saisir_%C3%A0_Sidi_Bouzid_El_Jadida_57682924.htm
appartement a vendre,,"Appartements dans Rabat, Taqaddoum",154 m²,3 chambres,3 sdbs,https://www.avito.ma/fr/taqaddoum/appartements/appartement_a_vendre_57869485.htm
Appartement à vendre 278 m² à Tanger,,"Appartements dans Tanger, Aviation",278 m²,2 chambres,2 sdbs,https://www.avito.ma/fr/aviation/appartements/Appartement_%C3%A0_vendre_278_m%C2%B2_%C3%A0_Tanger_53687956.htm
Superbe studio de 52m² à saisir vite,988000,"Appartements dans Marrakech, Guéliz",52 m²,1 chambre,1 sdb,https://www.avito.ma/fr/gu%C3%A9liz/appartements/Superbe_studio_de_52m%C2%B2_%C3%A0_saisir_vite_57765547.htm
LES PRINCESSES JOLI STUDIO NEUF À VENDRE 57 m²,1280000,"Appartements dans Casablanca, Les Princesses",57 m²,1 chambre,1 sdb,https://www.avito.ma/fr/les_princesses/appartements/LES_PRINCESSES_JOLI_STUDIO_NEUF_%C3%80_VENDRE_57_m%C2%B2_56920733.htm
MAÂRIF JOLI APPARTEMENT 109 m² À VENDRE,1050000,"Appartements dans Casablanca, Maarif",109 m²,2 chambres,2 sdbs,https://www.avito.ma/fr/maarif/appartements/MA%C3%82RIF_JOLI_APPARTEMENT_109_m%C2%B2_%C3%80_VENDRE_57654876.htm
Appartement à vendre Californie,2600000,"Appartements dans Casablanca, Californie",127 m²,3 chambres,1 sdb,https://www.avito.ma/fr/californie/appartements/Appartement_%C3%A0_vendre_Californie_57816399.htm
Appartement 95m² à vendre,1500000,"Appartements dans Mohammedia, La Siesta",95 m²,2 chambres,1 sdb,https://www.avito.ma/fr/la_siesta/appartements/Appartement_95m%C2%B2_%C3%A0_vendre_57833416.htm
Appartement meublé neuf sur corniche Martil,1500000,"Appartements dans Martil, Toute la ville",150 m²,3 chambres,1 sdb,https://www.avito.ma/fr/martil/appartements/Appartement_meubl%C3%A9_neuf_sur_corniche_Martil_57833371.htm
Appartement à vendre 48m² à Marrakech,,"Appartements dans Marrakech, Guéliz",48 m²,1 chambre,1 sdb,https://www.avito.ma/fr/gu%C3%A9liz/appartements/Appartement_%C3%A0_vendre_48m%C2%B2_%C3%A0_Marrakech_53715307.htm
Appartement en vente 65m² à Gueliz-Piscine Rooftop,1498000,"Appartements dans Marrakech, Guéliz",65 m²,1 chambre,1 sdb,https://www.avito.ma/fr/gu%C3%A9liz/appartements/Appartement_en_vente_65m%C2%B2_%C3%A0_Gueliz_Piscine_Rooftop_57658705.htm
Appartement 67 m² à BOUSKOURA prix imbattable,690000,"Appartements dans Casablanca, Autre secteur",67 m²,2 chambres,1 sdb,https://www.avito.ma/fr/autre_secteur/appartements/Appartement_67_m%C2%B2_%C3%A0_BOUSKOURA_prix_imbattable_57595128.htm
Appartement à vendre Ahlane Tanger,1550000,"Appartements dans Tanger, Ahlane",128 m²,3 chambres,3 sdbs,https://www.avito.ma/fr/ahlane/appartements/Appartement_%C3%A0_vendre_Ahlane_Tanger_55768717.htm
RACINE Superbe Appartement Rénové à Vendre 265m²,4850000,"Appartements dans Casablanca, Racine",265 m²,4 chambres,3 sdbs,https://www.avito.ma/fr/racine/appartements/RACINE_Superbe_Appartement_R%C3%A9nov%C3%A9_%C3%A0_Vendre_265m%C2%B2_57696349.htm
appartement a vendre,,"Appartements dans Rabat, Hay Riad",156 m²,4 chambres,3 sdbs,https://www.avito.ma/fr/hay_riad/appartements/appartement_a_vendre_57869452.htm
PALMIER JOLI APPT NEUF À VENDRE 58 m²,1470000,"Appartements dans Casablanca, Palmier",58 m²,2 chambres,1 sdb,https://www.avito.ma/fr/palmier/appartements/PALMIER_JOLI_APPT_NEUF_%C3%80_VENDRE_58_m%C2%B2_57392497.htm
Nouveau projet à Route Rabat Tanger,,"Appartements dans Tanger, Autre secteur",,2 chambres,1 sdb,https://www.avito.ma/fr/autre_secteur/appartements/Nouveau_projet_%C3%A0_Route_Rabat_Tanger_56246109.htm
Nouveau projet d'appartements à vendre,12500,"Appartements dans Tanger, Marjane",70 m²,2 chambres,1 sdb,https://www.avito.ma/fr/marjane/appartements/Nouveau_projet_d_appartements_%C3%A0_vendre_57859712.htm
Près de Ibrahim Khalil Al Jadida,180000,"Appartements dans El Jadida, Ezzohor",50 m²,1 chambre,1 sdb,https://www.avito.ma/fr/ezzohor/appartements/Pr%C3%A8s_de_Ibrahim_Khalil_Al_Jadida_57869443.htm
TRIANGLE D’OR BEL APPT A VENDRE AVEC TERRASSE,3750000,"Appartements dans Casablanca, Triangle d'Or",267 m²,3 chambres,2 sdbs,https://www.avito.ma/fr/triangle_d_or/appartements/TRIANGLE_D_OR_BEL_APPT_A_VENDRE_AVEC_TERRASSE_55809049.htm
Quartier de l'unité résidentielle,10,"Appartements dans Kénitra, Saknia",45 m²,1 chambre,1 sdb,https://www.avito.ma/fr/saknia/appartements/Quartier_de_l_unit%C3%A9_r%C3%A9sidentielle_57869427.htm
Appartement à vendre 113 m² à Agadir,1100000,"Appartements dans Agadir, Autre secteur",appartement à vendre 113 m² à agadir,3 chambres,0 sdb,https://www.avito.ma/fr/autre_secteur/appartements/Appartement_%C3%A0_vendre_113_m%C2%B2_%C3%A0_Agadir_57869432.htm
Appartements à vendre,,"Appartements dans Tanger, Hay Hassani",860 m²,3 chambres,2 sdbs,https://www.avito.ma/fr/hay_hassani/appartements/Appartements_%C3%A0_vendre_57869406.htm
Appartements de luxe à vendre Camélia,1,"Appartements dans Meknès, Autre secteur",12061 m²,3 chambres,3 sdbs,https://www.avito.ma/fr/autre_secteur/appartements/Appartements_de_luxe_%C3%A0_vendre_Cam%C3%A9lia_57869397.htm
Appartement à vendre 95m² à Tanger,,"Appartements dans Tanger, manar",95 m²,2 chambres,2 sdbs,https://www.avito.ma/fr/manar/appartements/Appartement_%C3%A0_vendre_95m%C2%B2_%C3%A0_Tanger_55403148.htm
Magnifique appartement à vendre,460000,"Appartements dans Saidia, Toute la ville",54 m²,2 chambres,1 sdb,https://www.avito.ma/fr/saidia/appartements/Magnifique_appartement_%C3%A0_vendre_57869386.htm
Appartement refait à neuf,300000,"Appartements dans Casablanca, Lissasfa",56 m²,2 chambres,1 sdb,https://www.avito.ma/fr/lissasfa/appartements/Appartement_refait_%C3%A0_neuf_56760059.htm
STUDIO NEUF AVEC TERRASSE À VENDRE AUX PRINCESSES,1269000,"Appartements dans Casablanca, Les Princesses",57 m²,1 chambre,1 sdb,https://www.avito.ma/fr/les_princesses/appartements/STUDIO_NEUF_AVEC_TERRASSE_%C3%80_VENDRE_AUX_PRINCESSES_56966590.htm
Luxueux Appartement à vendre à Casablanca,1395000,"Appartements dans Casablanca, Nassim",153 m²,3 chambres,2 sdbs,https://www.avito.ma/fr/nassim/appartements/Luxueux_Appartement_%C3%A0_vendre_%C3%A0_Casablanca_57125030.htm
Vente Appartement 3 pièces de 125 m2 à Sidi Rahal,1650000,"Appartements dans Sidi Rahal, Toute la ville",125 m²,2 chambres,2 sdbs,https://www.avito.ma/fr/sidi_rahal/appartements/Vente_Appartement_3_pi%C3%A8ces_de_125_m2_%C3%A0_Sidi_Rahal_57494713.htm
Appartement à vendre 77 m² à Casablanca,835000,"Appartements dans Casablanca, Ain Sebaa",77 m²,2 chambres,2 sdbs,https://www.avito.ma/fr/ain_sebaa/appartements/Appartement_%C3%A0_vendre_77_m%C2%B2_%C3%A0_Casablanca_57649878.htm
Appartement à vendre,650000,"Appartements dans Marrakech, M'Hamid",72 m²,3 chambres,2 sdbs,https://www.avito.ma/fr/m_hamid/appartements/Appartement_%C3%A0_vendre_57869316.htm
Appartement à vendre à Bachkou très bien situé,1400000,"Appartements dans Casablanca, Bachkou",106 m²,3 chambres,2 sdbs,https://www.avito.ma/fr/bachkou/appartements/Appartement_%C3%A0_vendre_%C3%A0_Bachkou_tr%C3%A8s_bien_situ%C3%A9_57869332.htm
Quartier Al Ouaada,11,"Appartements dans Kénitra, Saknia",45 m²,1 chambre,1 sdb,https://www.avito.ma/fr/saknia/appartements/Quartier_Al_Ouaada_57869318.htm
Appartement à vendre à Tamensort,420000,"Appartements dans Marrakech, Route de Tamansourt",94 m²,2 chambres,1 sdb,https://www.avito.ma/fr/route_de_tamansourt/appartements/Appartement_%C3%A0_vendre_%C3%A0_Tamensort_57724008.htm
Appartement à vendre,3890000,"Appartements dans Rabat, Hassan",136 m²,3 chambres,2 sdbs,https://www.avito.ma/fr/hassan/appartements/Appartement_%C3%A0_vendre_57869302.htm
Appartement à vendre sur l'Agdal,3400000,"Appartements dans Rabat, Agdal",150 m²,3 chambres,2 sdbs,https://www.avito.ma/fr/agdal/appartements/Appartement_%C3%A0_vendre_sur_l_Agdal_57694433.htm
Appartement 2 chambres corniche investisseurs airbnb,1100000,"Appartements dans Tanger, Malabata",75 m²,2 chambres,1 sdb,https://www.avito.ma/fr/malabata/appartements/Appartement_2_chambres_corniche_investisseurs_airbnb_57831155.htm
Casablanca Ain Sebaa,340000,"Appartements dans Mediouna, Toute la ville",53 m²,2 chambres,1 sdb,https://www.avito.ma/fr/mediouna/appartements/Casablanca_Ain_Sebaa_57812127.htm
Appartement à vendre 128 m² à Casablanca,1290000,"Appartements dans Casablanca, Ben Ejdia",appartement à vendre 128 m² à casablanca,3 chambres,2 sdbs,https://www.avito.ma/fr/ben_ejdia/appartements/Appartement_%C3%A0_vendre_128_m%C2%B2_%C3%A0_Casablanca_57480074.htm
Appartement à vendre 65 m² à Casablanca,780000,"Appartements dans Casablanca, 2 Mars",appartement à vendre 65 m² à casablanca,2 chambres,1 sdb,https://www.avito.ma/fr/2_mars/appartements/Appartement_%C3%A0_vendre_65_m%C2%B2_%C3%A0_Casablanca_57515102.htm
Appartement à vendre 202 m² à Rabat,4750000,"Appartements dans Rabat, Hay Riad",202 m²,3 chambres,1 sdb,https://www.avito.ma/fr/hay_riad/appartements/Appartement_%C3%A0_vendre_202_m%C2%B2_%C3%A0_Rabat_57756677.htm
BEN-MA-1118 - Appartement à vendre à Mansouria-B...,1200000,"Appartements dans Benslimane, Autre secteur",98 m²,2 chambres,1 sdb,https://www.avito.ma/fr/autre_secteur/appartements/BEN_MA_1118___Appartement_%C3%A0_vendre_%C3%A0_Mansouria_B____57276565.htm
Appartement à vendre 86m² à Casablanca,1000000,"Appartements dans Casablanca, 2 Mars",appartement à vendre 86m² à casablanca,2 chambres,2 sdbs,https://www.avito.ma/fr/2_mars/appartements/Appartement_%C3%A0_vendre_86m%C2%B2_%C3%A0_Casablanca_57480244.htm
Appartement à vendre 70 m² à Kénitra bir rami,450000,"Appartements dans Kénitra, Bir Rami",70 m²,2 chambres,1 sdb,https://www.avito.ma/fr/bir_rami/appartements/Appartement_%C3%A0_vendre_70_m%C2%B2_%C3%A0_K%C3%A9nitra_bir_rami_57770705.htm
Appartement à vendre 129 m² à Casablanca,1580000,"Appartements dans Casablanca, 2 Mars",appartement à vendre 129 m² à casablanca,2 chambres,2 sdbs,https://www.avito.ma/fr/2_mars/appartements/Appartement_%C3%A0_vendre_129_m%C2%B2_%C3%A0_Casablanca_57584772.htm
